UNIT,TIMESTAMP,TYPE,MARKET,INSTRUMENT,OPEN,HIGH,LOW,CLOSE,DATE
DAY,1612137600,267,cadli,DOGE-USD,3.2292444104812867,3.7977857993416047,2.898735858571779,3.0361025838346456,2021-01-02
DAY,1612224000,267,cadli,DOGE-USD,3.0361025838346456,3.072871518350483,2.5496073576492466,2.736897145786222,2021-02-02
DAY,1612310400,267,cadli,DOGE-USD,2.736897145786222,3.46066724799269,2.7165205574154165,3.2650003919431203,2021-03-02
DAY,1612396800,267,cadli,DOGE-USD,3.2650003919431203,5.15155691026211,3.145692160324428,4.644437055121586,2021-04-02
DAY,1612483200,267,cadli,DOGE-USD,4.644437055121586,4.716096134263481,3.7843320827083016,4.094760288472892,2021-05-02
DAY,1612569600,267,cadli,DOGE-USD,4.094760288472892,5.129103731773354,3.9086219276036815,5.037843898954781,2021-06-02
DAY,1612656000,267,cadli,DOGE-USD,5.037843898954781,7.508388045820528,4.692126832456079,6.860123640170446,2021-07-02
DAY,1612742400,267,cadli,DOGE-USD,6.860123640170446,7.43475555598541,5.564445399201672,6.8894268220152295,2021-08-02
DAY,1612828800,267,cadli,DOGE-USD,6.8894268220152295,7.300915990519232,5.600450240574646,6.126862921120454,2021-09-02
DAY,1612915200,267,cadli,DOGE-USD,6.126862921120454,7.087284094537173,5.886977189460469,6.347813548728331,2021-10-02
DAY,1613001600,267,cadli,DOGE-USD,6.347813548728331,6.549160264879937,5.963961525997325,6.092906907052087,2021-11-02
DAY,1613088000,267,cadli,DOGE-USD,6.092906907052087,6.36431290878524,5.358471360065355,6.116362173982928,2021-12-02
DAY,1614556800,267,cadli,DOGE-USD,4.220701109246976,4.549876283154261,4.202218629337283,4.427986479088677,2021-01-03
DAY,1614643200,267,cadli,DOGE-USD,4.427986479088677,4.587596309114809,4.310783866022116,4.410146599766966,2021-02-03
DAY,1614729600,267,cadli,DOGE-USD,4.410146599766966,4.558182754220777,4.3834049806581135,4.419047901530227,2021-03-03
DAY,1614816000,267,cadli,DOGE-USD,4.419047901530227,4.473047234748337,4.185431852459474,4.373980778629048,2021-04-03
DAY,1614902400,267,cadli,DOGE-USD,4.373980778629048,4.454282854927394,4.211101843837903,4.340235008496465,2021-05-03
DAY,1614988800,267,cadli,DOGE-USD,4.340235008496465,4.586747447308788,4.306700143893997,4.457479344774426,2021-06-03
DAY,1615075200,267,cadli,DOGE-USD,4.457479344774426,4.560275665370401,4.423422487543292,4.540308515463022,2021-07-03
DAY,1615161600,267,cadli,DOGE-USD,4.540308515463022,5.492643453698257,4.515283346014226,5.492643453698257,2021-08-03
DAY,1615248000,267,cadli,DOGE-USD,5.492643453698257,5.492643453698257,4.901321845842288,5.071794745808833,2021-09-03
DAY,1615334400,267,cadli,DOGE-USD,5.071794745808833,5.134564111217483,4.780448825701664,4.89465022489457,2021-10-03
DAY,1615420800,267,cadli,DOGE-USD,4.89465022489457,4.974924514400874,4.768767272823502,4.893585159019932,2021-11-03
DAY,1615507200,267,cadli,DOGE-USD,4.893585159019932,4.989993683326952,4.7641714384575575,4.839207988241632,2021-12-03
DAY,1617235200,267,cadli,DOGE-USD,4.720552913295809,6.169407979670764,4.69613389126122,5.421925649921563,2021-01-04
DAY,1617321600,267,cadli,DOGE-USD,5.421925649921563,5.475334287089985,5.013065004681354,5.035429394972873,2021-02-04
DAY,1617408000,267,cadli,DOGE-USD,5.035429394972873,5.198548622789447,4.857715856606431,4.857715856606431,2021-03-04
DAY,1617494400,267,cadli,DOGE-USD,4.857715856606431,5.07341194368863,4.820949868690104,5.015528717399644,2021-04-04
DAY,1617580800,267,cadli,DOGE-USD,5.015528717399644,5.281728097754303,4.927713985329627,5.235862550376668,2021-05-04
DAY,1617667200,267,cadli,DOGE-USD,5.235862550376668,5.672095546796783,5.075838848915864,5.620472200507606,2021-06-04
DAY,1617753600,267,cadli,DOGE-USD,5.620472200507606,5.863554651827796,5.04380413137712,5.137358649600761,2021-07-04
DAY,1617840000,267,cadli,DOGE-USD,5.137358649600761,5.427514036799503,5.132212256052708,5.400248227004217,2021-08-04
DAY,1617926400,267,cadli,DOGE-USD,5.400248227004217,5.574816159674121,5.292228318282176,5.384144134057271,2021-09-04
DAY,1618012800,267,cadli,DOGE-USD,5.384144134057271,5.667879922973476,5.332799917353245,5.569575687964816,2021-10-04
DAY,1618099200,267,cadli,DOGE-USD,5.569575687964816,6.94584776088614,5.545200893937626,6.493352038979153,2021-11-04
DAY,1618185600,267,cadli,DOGE-USD,6.493352038979153,6.577077340872495,6.022406546314775,6.181538889090071,2021-12-04
DAY,1619827200,267,cadli,DOGE-USD,29.602665463155045,34.763569663868424,28.787878675108505,34.33462172597098,2021-01-05
DAY,1619913600,267,cadli,DOGE-USD,34.33462172597098,35.04386516008461,31.91795086298419,32.789551470588655,2021-02-05
DAY,1620000000,267,cadli,DOGE-USD,32.789551470588655,39.01970687545124,32.789551470588655,38.63321237343551,2021-03-05
DAY,1620086400,267,cadli,DOGE-USD,38.63321237343551,52.53348490052328,35.41736667769033,47.27946106737859,2021-04-05
DAY,1620172800,267,cadli,DOGE-USD,47.27946106737859,60.77445352472934,46.94795664769988,57.27449507042286,2021-05-05
DAY,1620259200,267,cadli,DOGE-USD,57.27449507042286,58.1186692997334,47.803263158102986,51.060408483039794,2021-06-05
DAY,1620345600,267,cadli,DOGE-USD,51.060408483039794,63.79391214124688,45.95408425979425,60.40300299296822,2021-07-05
DAY,1620432000,267,cadli,DOGE-USD,60.40300299296822,64.69235251983832,54.24150607542175,55.83281004107013,2021-08-05
DAY,1620518400,267,cadli,DOGE-USD,55.83281004107013,61.22698887740797,37.69915668501273,49.946812666668585,2021-09-05
DAY,1620604800,267,cadli,DOGE-USD,49.946812666668585,49.946812666668585,37.82175652337329,39.46502573064931,2021-10-05
DAY,1620691200,267,cadli,DOGE-USD,39.46502573064931,47.43587666437695,39.16975854225439,43.42546787055812,2021-11-05
DAY,1620777600,267,cadli,DOGE-USD,43.42546787055812,45.607869249160615,34.754534874480555,34.754534874480555,2021-12-05
DAY,1622505600,267,cadli,DOGE-USD,28.639902075780505,33.600347552025184,27.479484389375333,32.49586870128956,2021-01-06
DAY,1622592000,267,cadli,DOGE-USD,32.49586870128956,39.02499556446087,30.984148991697467,37.127167986791015,2021-02-06
DAY,1622678400,267,cadli,DOGE-USD,37.127167986791015,38.57441186043704,33.22464721554857,35.10871554034349,2021-03-06
DAY,1622764800,267,cadli,DOGE-USD,35.10871554034349,35.18851930382263,31.128450997684563,33.075380000602905,2021-04-06
DAY,1622851200,267,cadli,DOGE-USD,33.075380000602905,34.54629928045451,31.72914654687613,32.715530912681785,2021-05-06
DAY,1622937600,267,cadli,DOGE-USD,32.715530912681785,33.10251846713999,32.34082349885999,32.76809787396717,2021-06-06
DAY,1623024000,267,cadli,DOGE-USD,32.76809787396717,33.35599002617327,28.92297859942559,29.139447695182675,2021-07-06
DAY,1623110400,267,cadli,DOGE-USD,29.139447695182675,29.96123466496882,26.112962574503086,28.649137128427,2021-08-06
DAY,1623196800,267,cadli,DOGE-USD,28.649137128427,30.983072489998587,27.44173888266524,30.161889388427635,2021-09-06
DAY,1623283200,267,cadli,DOGE-USD,30.161889388427635,30.31437007509805,28.498335897210467,28.736071875905623,2021-10-06
DAY,1623369600,267,cadli,DOGE-USD,28.736071875905623,29.30718133251389,27.449510778793883,28.09235005083924,2021-11-06
DAY,1623456000,267,cadli,DOGE-USD,28.09235005083924,28.09235005083924,26.55179698412276,27.42409838766353,2021-12-06
DAY,1625097600,267,cadli,DOGE-USD,22.261261947232704,22.611805519027648,20.94462934202909,21.4079309153224,2021-01-07
DAY,1625184000,267,cadli,DOGE-USD,21.4079309153224,21.7689010311126,20.92867260014261,21.53002904396245,2021-02-07
DAY,1625270400,267,cadli,DOGE-USD,21.53002904396245,21.97073730046663,21.282168912025647,21.6249687917499,2021-03-07
DAY,1625356800,267,cadli,DOGE-USD,21.6249687917499,22.17352612338049,21.377586421602658,21.644250162798667,2021-04-07
DAY,1625443200,267,cadli,DOGE-USD,21.644250162798667,21.644250162798667,19.992108410925383,20.349403952626076,2021-05-07
DAY,1625529600,267,cadli,DOGE-USD,20.349403952626076,21.197791723849477,20.171854834984384,20.565944561417066,2021-06-07
DAY,1625616000,267,cadli,DOGE-USD,20.565944561417066,20.868399721646423,19.54624173277526,19.6868261822287,2021-07-07
DAY,1625702400,267,cadli,DOGE-USD,19.6868261822287,19.70707679303054,17.830032552026474,18.194570127766927,2021-08-07
DAY,1625788800,267,cadli,DOGE-USD,18.194570127766927,20.189761547783128,17.210190772748586,19.26010397550371,2021-09-07
DAY,1625875200,267,cadli,DOGE-USD,19.26010397550371,19.974838952792236,18.481364361421864,18.799713206284352,2021-10-07
DAY,1625961600,267,cadli,DOGE-USD,18.799713206284352,19.24059349647214,18.536932568434757,18.941892050598536,2021-11-07
DAY,1626048000,267,cadli,DOGE-USD,18.941892050598536,19.26066090860101,17.99267575942099,18.282009731988538,2021-12-07
DAY,1627776000,267,cadli,DOGE-USD,18.1717423677374,19.048531366628797,17.75505451253276,17.877745489897038,2021-01-08
DAY,1627862400,267,cadli,DOGE-USD,17.877745489897038,18.36653291238576,17.718526544592702,17.80904851936291,2021-02-08
DAY,1627948800,267,cadli,DOGE-USD,17.80904851936291,17.95612728331112,17.009386359576553,17.209104999737495,2021-03-08
DAY,1628035200,267,cadli,DOGE-USD,17.209104999737495,17.773067995181744,17.066992306452253,17.631708117209612,2021-04-08
DAY,1628121600,267,cadli,DOGE-USD,17.631708117209612,17.73695791942465,17.083206635895458,17.58429655095595,2021-05-08
DAY,1628208000,267,cadli,DOGE-USD,17.58429655095595,18.504931575859832,17.36425377668853,17.91739048426513,2021-06-08
DAY,1628294400,267,cadli,DOGE-USD,17.91739048426513,22.922849147751087,17.834124236191354,22.833427711435014,2021-07-08
DAY,1628380800,267,cadli,DOGE-USD,22.833427711435014,24.569413503624947,20.61875404003025,21.012503926327984,2021-08-08
DAY,1628467200,267,cadli,DOGE-USD,21.012503926327984,23.244857219604956,20.22897099353379,22.39737728880396,2021-09-08
DAY,1628553600,267,cadli,DOGE-USD,22.39737728880396,22.937286979647823,21.48476561446659,22.481325156866102,2021-10-08
DAY,1628640000,267,cadli,DOGE-USD,22.481325156866102,24.675071909186443,22.42489869621999,23.16855638008205,2021-11-08
DAY,1628726400,267,cadli,DOGE-USD,23.16855638008205,25.70777383683953,22.11476350735145,23.09730617254896,2021-12-08
DAY,1630454400,267,cadli,DOGE-USD,24.37013219318826,25.77248223810164,23.94153004087752,25.74739660668628,2021-01-09
DAY,1630540800,267,cadli,DOGE-USD,25.74739660668628,27.016976826965656,25.56776697710996,25.80978670608209,2021-02-09
DAY,1630627200,267,cadli,DOGE-USD,25.80978670608209,26.623725616053854,25.24174569104956,25.906294443323997,2021-03-09
DAY,1630713600,267,cadli,DOGE-USD,25.906294443323997,26.953748408380463,25.659585493517746,26.17180127739453,2021-04-09
DAY,1630800000,267,cadli,DOGE-USD,26.17180127739453,27.52051508916424,25.93355919923135,27.451392972279248,2021-05-09
DAY,1630886400,267,cadli,DOGE-USD,27.451392972279248,27.92392659479816,26.30869356088413,27.011793377512436,2021-06-09
DAY,1630972800,267,cadli,DOGE-USD,27.011793377512436,27.172626456359108,19.18156780998198,22.3133180117936,2021-07-09
DAY,1631059200,267,cadli,DOGE-USD,22.3133180117936,23.02255989952337,20.528849064353057,22.531529296204923,2021-08-09
DAY,1631145600,267,cadli,DOGE-USD,22.531529296204923,22.745282747069407,21.88093079192073,22.17738933556616,2021-09-09
DAY,1631232000,267,cadli,DOGE-USD,22.17738933556616,22.929271261250367,20.790379349073,21.103656375019444,2021-10-09
DAY,1631318400,267,cadli,DOGE-USD,21.103656375019444,21.772727155656025,20.933975269918463,21.21009255552341,2021-11-09
DAY,1631404800,267,cadli,DOGE-USD,21.21009255552341,22.35239644283577,21.03261444866901,21.976748620349326,2021-12-09
DAY,1633046400,267,cadli,DOGE-USD,18.013228267944335,19.702912326896957,17.78117267223443,19.57423662821196,2021-01-10
DAY,1633132800,267,cadli,DOGE-USD,19.57423662821196,19.76728115644995,18.949853862689185,19.258941828195358,2021-02-10
DAY,1633219200,267,cadli,DOGE-USD,19.258941828195358,19.8319391220581,19.007186303907837,19.49569264142572,2021-03-10
DAY,1633305600,267,cadli,DOGE-USD,19.49569264142572,21.741390395584464,18.712702828510206,21.176750772579705,2021-04-10
DAY,1633392000,267,cadli,DOGE-USD,21.176750772579705,23.35285064824852,20.438675592210323,22.05125042558033,2021-05-10
DAY,1633478400,267,cadli,DOGE-USD,22.05125042558033,23.698674758241875,21.283213943644693,22.28914925968186,2021-06-10
DAY,1633564800,267,cadli,DOGE-USD,22.28914925968186,22.44912879947641,20.84782556016513,21.260123878373584,2021-07-10
DAY,1633651200,267,cadli,DOGE-USD,21.260123878373584,22.301614629291137,21.149279434611387,21.36230445640327,2021-08-10
DAY,1633737600,267,cadli,DOGE-USD,21.36230445640327,22.07109901074399,21.168716522290477,21.615692096548937,2021-09-10
DAY,1633824000,267,cadli,DOGE-USD,21.615692096548937,21.78663853301876,20.01037126288255,20.132470191263703,2021-10-10
DAY,1633910400,267,cadli,DOGE-USD,20.132470191263703,20.966848603051133,19.825712341719385,20.31183810911813,2021-11-10
DAY,1633996800,267,cadli,DOGE-USD,20.31183810911813,20.32056432622372,19.02734027244646,19.819000413025066,2021-12-10
DAY,1635724800,267,cadli,DOGE-USD,24.516997726887386,24.965786384349794,23.123224425719695,23.770755156469605,2021-01-11
DAY,1635811200,267,cadli,DOGE-USD,23.770755156469605,24.515919075983454,23.402180608257435,23.9115851054655,2021-02-11
DAY,1635897600,267,cadli,DOGE-USD,23.9115851054655,24.243052192945576,23.069588490229982,23.547339664143347,2021-03-11
DAY,1635984000,267,cadli,DOGE-USD,23.547339664143347,23.66450929624524,22.331509390760058,23.07075115743988,2021-04-11
DAY,1636070400,267,cadli,DOGE-USD,23.07075115743988,23.6723877516418,22.56656508803053,22.877631567223148,2021-05-11
DAY,1636156800,267,cadli,DOGE-USD,22.877631567223148,23.421811342065386,22.0748301669352,22.931272037479115,2021-06-11
DAY,1636243200,267,cadli,DOGE-USD,22.931272037479115,23.607089536667097,22.664942570566023,23.31571939873878,2021-07-11
DAY,1636329600,267,cadli,DOGE-USD,23.31571939873878,25.93064497753567,23.18073133085623,24.683305559021456,2021-08-11
DAY,1636416000,267,cadli,DOGE-USD,24.683305559021456,25.355321391348728,23.876837977550668,23.9395036244942,2021-09-11
DAY,1636502400,267,cadli,DOGE-USD,23.9395036244942,24.24073654781688,21.145792468732484,22.423074447010663,2021-10-11
DAY,1636588800,267,cadli,DOGE-USD,22.423074447010663,23.660304741215032,22.21493074397945,22.85252191341596,2021-11-11
DAY,1636675200,267,cadli,DOGE-USD,22.85252191341596,23.43847333197904,21.926413273220906,22.76447710023932,2021-12-11
DAY,1638316800,267,cadli,DOGE-USD,18.828477391413017,19.18976718655493,18.115245839855294,18.40395958900716,2021-01-12
DAY,1638403200,267,cadli,DOGE-USD,18.40395958900716,19.54159861609721,17.77296564400855,18.39114713974988,2021-02-12
DAY,1638489600,267,cadli,DOGE-USD,18.39114713974988,18.585318444452284,16.92986646668072,17.583565288714727,2021-03-12
DAY,1638576000,267,cadli,DOGE-USD,17.583565288714727,17.607256904319556,11.812060695935653,15.706948543791652,2021-04-12
DAY,1638662400,267,cadli,DOGE-USD,15.706948543791652,15.9131601554576,14.369441771953335,15.058979877739368,2021-05-12
DAY,1638748800,267,cadli,DOGE-USD,15.058979877739368,15.843857545430428,14.07938643616457,15.646758250765505,2021-06-12
DAY,1638835200,267,cadli,DOGE-USD,15.646758250765505,16.130880150148414,15.409975155910985,15.49559687616422,2021-07-12
DAY,1638921600,267,cadli,DOGE-USD,15.49559687616422,16.309018542887998,15.17726737153868,15.735435294486232,2021-08-12
DAY,1639008000,267,cadli,DOGE-USD,15.735435294486232,16.17589224074156,14.88201025200266,14.887316084557714,2021-09-12
DAY,1639094400,267,cadli,DOGE-USD,14.887316084557714,15.33603293992262,14.441939745713288,14.44252531913742,2021-10-12
DAY,1639180800,267,cadli,DOGE-USD,14.44252531913742,15.225450414169726,14.2252116534582,14.818200718899115,2021-11-12
DAY,1639267200,267,cadli,DOGE-USD,14.818200718899115,15.20925218535682,14.562927241237263,14.894409369300671,2021-12-12
DAY,1640995200,267,cadli,DOGE-USD,14.911299574704438,15.2018810635161,14.788901694882354,15.151832800091247,2022-01-01
DAY,1641081600,267,cadli,DOGE-USD,15.151832800091247,15.425687933382504,14.947111670057875,15.257935842868898,2022-02-01
DAY,1641168000,267,cadli,DOGE-USD,15.257935842868898,15.257935842868898,14.684792331227245,14.915337157058456,2022-03-01
DAY,1641254400,267,cadli,DOGE-USD,14.915337157058456,15.104520330504917,14.63608091003172,14.746674868860842,2022-04-01
DAY,1641340800,267,cadli,DOGE-USD,14.746674868860842,14.994041972778232,13.04938721472739,13.930444443764022,2022-05-01
DAY,1641427200,267,cadli,DOGE-USD,13.930444443764022,14.18407576165252,13.50404325509906,14.022067615439704,2022-06-01
DAY,1641513600,267,cadli,DOGE-USD,14.022067615439704,14.03146707903112,13.122336145639018,13.5752514321464,2022-07-01
DAY,1641600000,267,cadli,DOGE-USD,13.5752514321464,13.895181151315684,12.799063491267548,13.237657199736246,2022-08-01
DAY,1641686400,267,cadli,DOGE-USD,13.237657199736246,13.477144405714974,13.057235102391054,13.18843788457642,2022-09-01
DAY,1641772800,267,cadli,DOGE-USD,13.18843788457642,13.345010109728856,12.1114192620937,12.546121578195566,2022-10-01
DAY,1641859200,267,cadli,DOGE-USD,12.546121578195566,14.56229341606545,12.44663169494492,13.477253861563186,2022-11-01
DAY,1641945600,267,cadli,DOGE-USD,13.477253861563186,14.304816342961209,13.28261810903576,14.261842722030236,2022-12-01
DAY,1643673600,267,cadli,DOGE-USD,12.414730118250558,12.729884525907098,12.338117571842243,12.481395605741492,2022-01-02
DAY,1643760000,267,cadli,DOGE-USD,12.481395605741492,12.8084255447205,11.958567879212175,12.02102060979903,2022-02-02
DAY,1643846400,267,cadli,DOGE-USD,12.02102060979903,12.177698404870952,11.826808967935788,12.076317818390224,2022-03-02
DAY,1643932800,267,cadli,DOGE-USD,12.076317818390224,12.97022171344299,12.012810215414984,12.939886864078645,2022-04-02
DAY,1644019200,267,cadli,DOGE-USD,12.939886864078645,13.18273116494254,12.720075178959576,12.893594130180055,2022-05-02
DAY,1644105600,267,cadli,DOGE-USD,12.893594130180055,13.619397890029363,12.722317694387549,13.50038961737434,2022-06-02
DAY,1644192000,267,cadli,DOGE-USD,13.50038961737434,15.09098316432667,13.29389496869127,14.488843552770922,2022-07-02
DAY,1644278400,267,cadli,DOGE-USD,14.488843552770922,14.87066030601678,13.463179400732232,13.871841995874416,2022-08-02
DAY,1644364800,267,cadli,DOGE-USD,13.871841995874416,14.19386205403121,13.555648777418623,13.968664277552088,2022-09-02
DAY,1644451200,267,cadli,DOGE-USD,13.968664277552088,14.063495716093191,13.227720751929125,13.29985763620978,2022-10-02
DAY,1644537600,267,cadli,DOGE-USD,13.29985763620978,13.511294390241964,12.513301921146226,12.700041813610776,2022-11-02
DAY,1644624000,267,cadli,DOGE-USD,12.700041813610776,12.903050438675328,12.3430958650468,12.644508193263976,2022-12-02
DAY,1646092800,267,cadli,DOGE-USD,11.68212133988409,12.120199262530464,11.390383006052677,11.732563274898542,2022-01-03
DAY,1646179200,267,cadli,DOGE-USD,11.732563274898542,11.971949307441434,11.464272733344457,11.66344857403056,2022-02-03
DAY,1646265600,267,cadli,DOGE-USD,11.66344857403056,11.757365447882169,11.186820637580627,11.357084203559616,2022-03-03
DAY,1646352000,267,cadli,DOGE-USD,11.357084203559616,11.377939930842915,10.570267782030148,10.757048403118548,2022-04-03
DAY,1646438400,267,cadli,DOGE-USD,10.757048403118548,11.235183276560038,10.65015702615576,10.930098262616054,2022-05-03
DAY,1646524800,267,cadli,DOGE-USD,10.930098262616054,10.972964903734855,10.484351400755152,10.548273790157396,2022-06-03
DAY,1646611200,267,cadli,DOGE-USD,10.548273790157396,10.716664927875584,9.97863026862177,10.232261008369424,2022-07-03
DAY,1646697600,267,cadli,DOGE-USD,10.232261008369424,10.858868178370615,10.111869363887363,10.254690738383363,2022-08-03
DAY,1646784000,267,cadli,DOGE-USD,10.254690738383363,10.943063401900094,10.226678343509551,10.640105748796014,2022-09-03
DAY,1646870400,267,cadli,DOGE-USD,10.640105748796014,10.67073743729354,10.092723325753433,10.243024502541546,2022-10-03
DAY,1646956800,267,cadli,DOGE-USD,10.243024502541546,10.430276879059823,10.003787241643012,10.109755110523423,2022-11-03
DAY,1647043200,267,cadli,DOGE-USD,10.109755110523423,10.311926410201067,10.052145015754844,10.052145015754844,2022-12-03
DAY,1648771200,267,cadli,DOGE-USD,12.0791635031734,12.463534452028902,11.614341417771096,12.356136588919515,2022-01-04
DAY,1648857600,267,cadli,DOGE-USD,12.356136588919515,12.604880052575018,12.11615451817252,12.13809265936163,2022-02-04
DAY,1648944000,267,cadli,DOGE-USD,12.13809265936163,13.056125435138137,11.94059356024416,12.802232520422484,2022-03-04
DAY,1649030400,267,cadli,DOGE-USD,12.802232520422484,13.65458568419004,12.394901694968434,12.99581489894745,2022-04-04
DAY,1649116800,267,cadli,DOGE-USD,12.99581489894745,15.62270779584578,12.903549767920506,15.102046659928908,2022-05-04
DAY,1649203200,267,cadli,DOGE-USD,15.102046659928908,15.213542802091087,12.485964280430272,12.542663502884327,2022-06-04
DAY,1649289600,267,cadli,DOGE-USD,12.542663502884327,13.001300245367482,12.27031821191728,12.783806732922104,2022-07-04
DAY,1649376000,267,cadli,DOGE-USD,12.783806732922104,13.6854777064901,12.34378375586589,12.496905108833714,2022-08-04
DAY,1649462400,267,cadli,DOGE-USD,12.496905108833714,12.876685705233696,12.32858270242794,12.62404551386538,2022-09-04
DAY,1649548800,267,cadli,DOGE-USD,12.62404551386538,13.788746761787552,12.58124426134422,12.950751340724096,2022-10-04
DAY,1649635200,267,cadli,DOGE-USD,12.950751340724096,13.24527678242983,11.67100928722511,11.759937005153413,2022-11-04
DAY,1649721600,267,cadli,DOGE-USD,11.759937005153413,12.637514110190118,11.692511269923578,12.087939861132105,2022-12-04
DAY,1651363200,267,cadli,DOGE-USD,11.174176866533346,11.88042914155848,11.070744588248717,11.612861007678555,2022-01-05
DAY,1651449600,267,cadli,DOGE-USD,11.612861007678555,11.715335095633266,11.190324582692082,11.44724259264176,2022-02-05
DAY,1651536000,267,cadli,DOGE-USD,11.44724259264176,11.607769489574444,11.11029058915168,11.341711837648212,2022-03-05
DAY,1651622400,267,cadli,DOGE-USD,11.341711837648212,11.910861632880334,11.311090645417613,11.9094620712674,2022-04-05
DAY,1651708800,267,cadli,DOGE-USD,11.9094620712674,12.095647727755807,11.085483459885678,11.227298149514557,2022-05-05
DAY,1651795200,267,cadli,DOGE-USD,11.227298149514557,11.527535389350398,10.842548444141864,11.18374471044021,2022-06-05
DAY,1651881600,267,cadli,DOGE-USD,11.18374471044021,11.57935261424006,10.96224518575429,11.169866831010385,2022-07-05
DAY,1651968000,267,cadli,DOGE-USD,11.169866831010385,11.226338530625917,10.81820296140259,10.873437551275853,2022-08-05
DAY,1652054400,267,cadli,DOGE-USD,10.873437551275853,10.96089998050492,8.938230053054074,8.965615759068514,2022-09-05
DAY,1652140800,267,cadli,DOGE-USD,8.965615759068514,10.33793294770323,8.761390658888944,9.462413020344982,2022-10-05
DAY,1652227200,267,cadli,DOGE-USD,9.462413020344982,9.701535414667964,6.465236200146903,7.433019554039251,2022-11-05
DAY,1652313600,267,cadli,DOGE-USD,7.433019554039251,7.804886992420824,5.808489681697711,7.220384654559489,2022-12-05
DAY,1654041600,267,cadli,DOGE-USD,7.502721671245549,7.778135543865822,6.928986722254262,7.086209831946613,2022-01-06
DAY,1654128000,267,cadli,DOGE-USD,7.086209831946613,7.268917838965244,7.016216735642801,7.241860467681243,2022-02-06
DAY,1654214400,267,cadli,DOGE-USD,7.241860467681243,7.322881442331389,6.950780194992869,7.027909430431702,2022-03-06
DAY,1654300800,267,cadli,DOGE-USD,7.027909430431702,7.294366977572506,6.947165998885548,7.158107883291724,2022-04-06
DAY,1654387200,267,cadli,DOGE-USD,7.158107883291724,7.198514535877066,7.053581605091309,7.0940149312032,2022-05-06
DAY,1654473600,267,cadli,DOGE-USD,7.0940149312032,7.45162643604398,7.078057962343672,7.213744228191321,2022-06-06
DAY,1654560000,267,cadli,DOGE-USD,7.213744228191321,7.213744228191321,6.817687929706756,7.029376270827022,2022-07-06
DAY,1654646400,267,cadli,DOGE-USD,7.029376270827022,7.122805490707095,6.907275696892038,6.936582427982659,2022-08-06
DAY,1654732800,267,cadli,DOGE-USD,6.936582427982659,7.078513340992985,6.902677983363394,6.93227128415045,2022-09-06
DAY,1654819200,267,cadli,DOGE-USD,6.93227128415045,7.058249021192822,6.508383399974754,6.595352642481276,2022-10-06
DAY,1654905600,267,cadli,DOGE-USD,6.595352642481276,6.766333688516285,5.969658557102799,6.118282050304332,2022-11-06
DAY,1654992000,267,cadli,DOGE-USD,6.118282050304332,6.156852582776003,5.565022194012582,5.565022194012582,2022-12-06
DAY,1656633600,267,cadli,DOGE-USD,5.81127734169467,5.951543560019733,5.6008787297984695,5.8108583511962,2022-01-07
DAY,1656720000,267,cadli,DOGE-USD,5.8108583511962,5.93531902170198,5.744800504618796,5.83005929403476,2022-02-07
DAY,1656806400,267,cadli,DOGE-USD,5.83005929403476,5.895598970663503,5.685671115195868,5.876730068007364,2022-03-07
DAY,1656892800,267,cadli,DOGE-USD,5.876730068007364,6.091257819198966,5.7523450497271,6.057668471125134,2022-04-07
DAY,1656979200,267,cadli,DOGE-USD,6.057668471125134,6.107165960145379,5.734701745855114,5.8738970529661785,2022-05-07
DAY,1657065600,267,cadli,DOGE-USD,5.8738970529661785,6.035170966624756,5.788127548467089,5.983314668948564,2022-06-07
DAY,1657152000,267,cadli,DOGE-USD,5.983314668948564,6.223029487502734,5.944097863507658,6.171032661639224,2022-07-07
DAY,1657238400,267,cadli,DOGE-USD,6.171032661639224,6.389750307703721,5.979523795875363,6.039372306136037,2022-08-07
DAY,1657324800,267,cadli,DOGE-USD,6.039372306136037,6.128631683618637,6.024657553136573,6.074916140404529,2022-09-07
DAY,1657411200,267,cadli,DOGE-USD,6.074916140404529,6.074916140404529,5.811061283086028,5.8827894396717895,2022-10-07
DAY,1657497600,267,cadli,DOGE-USD,5.8827894396717895,5.8827894396717895,5.358525017314565,5.40206974866697,2022-11-07
DAY,1657584000,267,cadli,DOGE-USD,5.40206974866697,5.512188656613036,5.230891385695025,5.232177247783561,2022-12-07
DAY,1659312000,267,cadli,DOGE-USD,5.964916064975474,6.205182166001256,5.866972188331499,6.005791387313249,2022-01-08
DAY,1659398400,267,cadli,DOGE-USD,6.005791387313249,6.036289555928938,5.744572069032484,5.830090196246579,2022-02-08
DAY,1659484800,267,cadli,DOGE-USD,5.830090196246579,5.992421475198121,5.722877444246561,5.810816859734836,2022-03-08
DAY,1659571200,267,cadli,DOGE-USD,5.810816859734836,5.941015395072157,5.777565936489154,5.897185304405959,2022-04-08
DAY,1659657600,267,cadli,DOGE-USD,5.897185304405959,6.14960900735817,5.894554479467949,6.1090422746073445,2022-05-08
DAY,1659744000,267,cadli,DOGE-USD,6.1090422746073445,6.227702842431729,5.998546121884348,6.012715830547734,2022-06-08
DAY,1659830400,267,cadli,DOGE-USD,6.012715830547734,6.124881479549136,5.916965631265617,6.03753001652715,2022-07-08
DAY,1659916800,267,cadli,DOGE-USD,6.03753001652715,6.324595639829759,6.032828721926364,6.139356815593618,2022-08-08
DAY,1660003200,267,cadli,DOGE-USD,6.139356815593618,6.489209177872598,5.9724843964509375,6.053961872196358,2022-09-08
DAY,1660089600,267,cadli,DOGE-USD,6.053961872196358,6.257267119638813,5.873751919757415,6.2452668857718585,2022-10-08
DAY,1660176000,267,cadli,DOGE-USD,6.2452668857718585,6.575688597969313,6.18309258353796,6.2089367917571865,2022-11-08
DAY,1660262400,267,cadli,DOGE-USD,6.2089367917571865,6.369556671411575,6.127776499555553,6.337623745913746,2022-12-08
DAY,1661990400,267,cadli,DOGE-USD,5.373278119623587,5.5927559955200765,5.249830012800172,5.459659383509573,2022-01-09
DAY,1662076800,267,cadli,DOGE-USD,5.459659383509573,5.490345747509785,5.318184920547525,5.398016105822537,2022-02-09
DAY,1662163200,267,cadli,DOGE-USD,5.398016105822537,5.578321442417205,5.357771412924825,5.489599689495492,2022-03-09
DAY,1662249600,267,cadli,DOGE-USD,5.489599689495492,5.582310018352883,5.421090716931533,5.531671230501546,2022-04-09
DAY,1662336000,267,cadli,DOGE-USD,5.531671230501546,5.572547475766348,5.341954428085145,5.487569928155751,2022-05-09
DAY,1662422400,267,cadli,DOGE-USD,5.487569928155751,5.67312591678878,5.109297988102261,5.153674200480593,2022-06-09
DAY,1662508800,267,cadli,DOGE-USD,5.153674200480593,5.381693738716607,5.045255687982396,5.33593256247738,2022-07-09
DAY,1662595200,267,cadli,DOGE-USD,5.33593256247738,5.36853660939277,5.223854440875447,5.331500802725564,2022-08-09
DAY,1662681600,267,cadli,DOGE-USD,5.331500802725564,5.658883901962786,5.331358156858449,5.643177920617828,2022-09-09
DAY,1662768000,267,cadli,DOGE-USD,5.643177920617828,5.709877168893411,5.528786349343483,5.653960127033541,2022-10-09
DAY,1662854400,267,cadli,DOGE-USD,5.653960127033541,5.706238251362152,5.489296380975286,5.569577317400944,2022-11-09
DAY,1662940800,267,cadli,DOGE-USD,5.569577317400944,5.711214277781328,5.487047404980529,5.5916593307761495,2022-12-09
DAY,1664582400,267,cadli,DOGE-USD,5.391426039371775,5.509256826698149,5.274376966887474,5.298374020669897,2022-01-10
DAY,1664668800,267,cadli,DOGE-USD,5.298374020669897,5.327913456273183,5.161500316613063,5.18358743332619,2022-02-10
DAY,1664755200,267,cadli,DOGE-USD,5.18358743332619,5.29145408218702,5.158695476720853,5.276781476597321,2022-03-10
DAY,1664841600,267,cadli,DOGE-USD,5.276781476597321,5.804732139740264,5.251164821442103,5.761634089727199,2022-04-10
DAY,1664928000,267,cadli,DOGE-USD,5.761634089727199,5.832900063528402,5.504106561665195,5.668178665829374,2022-05-10
DAY,1665014400,267,cadli,DOGE-USD,5.668178665829374,5.841178563494797,5.514057443584896,5.550832549247282,2022-06-10
DAY,1665100800,267,cadli,DOGE-USD,5.550832549247282,5.570356375337128,5.377492648681105,5.452883793477619,2022-07-10
DAY,1665187200,267,cadli,DOGE-USD,5.452883793477619,5.475963904633423,5.360298604872634,5.3893031090610855,2022-08-10
DAY,1665273600,267,cadli,DOGE-USD,5.3893031090610855,5.455222028666916,5.351330733324136,5.433179032248406,2022-09-10
DAY,1665360000,267,cadli,DOGE-USD,5.433179032248406,5.460666595720351,5.194511623564518,5.194996861376222,2022-10-10
DAY,1665446400,267,cadli,DOGE-USD,5.194996861376222,5.316489664479151,5.047863114087761,5.267963585961719,2022-11-10
DAY,1665532800,267,cadli,DOGE-USD,5.267963585961719,5.33169944169578,5.193234924299761,5.231582071047207,2022-12-10
DAY,1667260800,267,cadli,DOGE-USD,11.06874666378225,13.793607128981536,10.91250177705743,12.40136569929471,2022-01-11
DAY,1667347200,267,cadli,DOGE-USD,12.40136569929471,12.855516932533806,10.796185732267022,11.166316255682146,2022-02-11
DAY,1667433600,267,cadli,DOGE-USD,11.166316255682146,11.92278597123686,10.5746462814398,10.717895962813678,2022-03-11
DAY,1667520000,267,cadli,DOGE-USD,10.717895962813678,11.267764133913674,10.171642058486782,11.004264508362906,2022-04-11
DAY,1667606400,267,cadli,DOGE-USD,11.004264508362906,11.835182948724585,10.715425365805045,10.878021432126664,2022-05-11
DAY,1667692800,267,cadli,DOGE-USD,10.878021432126664,11.107261401888522,9.880198085844164,10.048519799550878,2022-06-11
DAY,1667779200,267,cadli,DOGE-USD,10.048519799550878,10.415849504139585,9.499573334856867,9.747310932414951,2022-07-11
DAY,1667865600,267,cadli,DOGE-USD,9.747310932414951,9.866003222296088,7.015522040648883,7.793136674769511,2022-08-11
DAY,1667952000,267,cadli,DOGE-USD,7.793136674769511,8.150108217550036,6.315997810809664,6.607099496407578,2022-09-11
DAY,1668038400,267,cadli,DOGE-USD,6.607099496407578,8.253139121505107,6.576969234591033,7.96713270793628,2022-10-11
DAY,1668124800,267,cadli,DOGE-USD,7.96713270793628,8.270391636745579,7.163424131627201,7.563183205191229,2022-11-11
DAY,1668211200,267,cadli,DOGE-USD,7.563183205191229,8.370008869541289,6.974725063773858,7.825755646170483,2022-12-11
DAY,1669852800,267,cadli,DOGE-USD,9.393165366278504,9.47044262367411,8.853240102859509,8.957431904301314,2022-01-12
DAY,1669939200,267,cadli,DOGE-USD,8.957431904301314,9.102404672107712,8.551283400396905,8.982761677142756,2022-02-12
DAY,1670025600,267,cadli,DOGE-USD,8.982761677142756,9.058550129808292,8.6403970303692,8.755661310287257,2022-03-12
DAY,1670112000,267,cadli,DOGE-USD,8.755661310287257,9.26972070874714,8.755661310287257,9.14908067083867,2022-04-12
DAY,1670198400,267,cadli,DOGE-USD,9.14908067083867,9.75046035023306,8.75368390450922,8.918949528082292,2022-05-12
DAY,1670284800,267,cadli,DOGE-USD,8.918949528082292,8.998923069631743,8.610202307684022,8.77843702870041,2022-06-12
DAY,1670371200,267,cadli,DOGE-USD,8.77843702870041,8.860130457563251,8.266445085609293,8.398525179431216,2022-07-12
DAY,1670457600,267,cadli,DOGE-USD,8.398525179431216,8.674138589752095,8.322744040544638,8.626249818871742,2022-08-12
DAY,1670544000,267,cadli,DOGE-USD,8.626249818871742,8.698009362823884,8.392511506475085,8.473985169221788,2022-09-12
DAY,1670630400,267,cadli,DOGE-USD,8.473985169221788,8.535179280521563,8.423988303121346,8.444916522933713,2022-10-12
DAY,1670716800,267,cadli,DOGE-USD,8.444916522933713,8.548825963138315,8.082064016211307,8.125201324248442,2022-11-12
DAY,1670803200,267,cadli,DOGE-USD,8.125201324248442,8.147856568452159,7.573431188921345,7.909981973197001,2022-12-12
DAY,1672531200,267,cadli,DOGE-USD,6.141775083065929,6.195493710909818,6.050702881517863,6.144652351420333,2023-01-01
DAY,1672617600,267,cadli,DOGE-USD,6.144652351420333,6.368330323905632,6.045156645330883,6.243281122556772,2023-02-01
DAY,1672704000,267,cadli,DOGE-USD,6.243281122556772,6.313906783401464,6.090013023582205,6.161549102329767,2023-03-01
DAY,1672790400,267,cadli,DOGE-USD,6.161549102329767,6.4323554834268215,6.149851544024684,6.406364635368665,2023-04-01
DAY,1672876800,267,cadli,DOGE-USD,6.406364635368665,6.570496788390218,6.223584973034428,6.254750694068684,2023-05-01
DAY,1672963200,267,cadli,DOGE-USD,6.254750694068684,6.364800732385251,6.133956617732587,6.341912184367492,2023-06-01
DAY,1673049600,267,cadli,DOGE-USD,6.341912184367492,6.385889907874109,6.288509224071679,6.320208290117583,2023-07-01
DAY,1673136000,267,cadli,DOGE-USD,6.320208290117583,6.457601747546239,6.248984493039998,6.439068647775321,2023-08-01
DAY,1673222400,267,cadli,DOGE-USD,6.439068647775321,6.954757315242859,6.404199297124813,6.634457556180006,2023-09-01
DAY,1673308800,267,cadli,DOGE-USD,6.634457556180006,6.815798794190376,6.510350871813942,6.81559089663384,2023-10-01
DAY,1673395200,267,cadli,DOGE-USD,6.81559089663384,6.8575591091307695,6.565543367793508,6.838078795773989,2023-11-01
DAY,1673481600,267,cadli,DOGE-USD,6.838078795773989,7.107806517227389,6.714237026600758,7.027457439767988,2023-12-01
DAY,1675209600,267,cadli,DOGE-USD,8.422761304030539,8.508910474049399,7.764035451766253,8.239253697826541,2023-01-02
DAY,1675296000,267,cadli,DOGE-USD,8.239253697826541,8.393625244452547,7.931802348368898,7.965212706623294,2023-02-02
DAY,1675382400,267,cadli,DOGE-USD,7.965212706623294,8.157259657515652,7.896478586845515,8.124448483235298,2023-03-02
DAY,1675468800,267,cadli,DOGE-USD,8.124448483235298,8.722046347237155,8.097007795983696,8.375554886758067,2023-04-02
DAY,1675555200,267,cadli,DOGE-USD,8.375554886758067,8.474411718323104,7.938706964294151,8.06012040501579,2023-05-02
DAY,1675641600,267,cadli,DOGE-USD,8.06012040501579,8.147719962024643,7.784313044763695,7.832702124806169,2023-06-02
DAY,1675728000,267,cadli,DOGE-USD,7.832702124806169,8.111686588847498,7.832702124806169,8.097740591353668,2023-07-02
DAY,1675814400,267,cadli,DOGE-USD,8.097740591353668,8.151748009051222,7.75971802331343,7.889822114828438,2023-08-02
DAY,1675900800,267,cadli,DOGE-USD,7.889822114828438,7.951722349776333,6.950677036446678,7.135738458915201,2023-09-02
DAY,1675987200,267,cadli,DOGE-USD,7.135738458915201,7.263393235954375,6.989428456415788,7.092408455184804,2023-10-02
DAY,1676073600,267,cadli,DOGE-USD,7.092408455184804,7.224819810603907,7.072454541638066,7.197780505771934,2023-11-02
DAY,1676160000,267,cadli,DOGE-USD,7.197780505771934,7.494174858282166,7.1386217581559706,7.198749553809721,2023-12-02
DAY,1677628800,267,cadli,DOGE-USD,7.072045313485058,7.235994478702052,7.043130278800346,7.174662517741879,2023-01-03
DAY,1677715200,267,cadli,DOGE-USD,7.174662517741879,7.19088231162235,6.974463654643225,7.04863564598153,2023-02-03
DAY,1677801600,267,cadli,DOGE-USD,7.04863564598153,7.068995816461074,6.470950187948314,6.7289510258766665,2023-03-03
DAY,1677888000,267,cadli,DOGE-USD,6.7289510258766665,6.762380073871,6.3706995075938,6.539499738859281,2023-04-03
DAY,1677974400,267,cadli,DOGE-USD,6.539499738859281,6.653596994561573,6.506030883794143,6.5438274413191095,2023-05-03
DAY,1678060800,267,cadli,DOGE-USD,6.5438274413191095,6.580549856814583,6.429599456710027,6.550602227817893,2023-06-03
DAY,1678147200,267,cadli,DOGE-USD,6.550602227817893,6.620584860619681,6.354281332430518,6.478256815650995,2023-07-03
DAY,1678233600,267,cadli,DOGE-USD,6.478256815650995,6.498620812355255,6.159567594881579,6.230269450016998,2023-08-03
DAY,1678320000,267,cadli,DOGE-USD,6.230269450016998,6.321312213463482,5.6348755830895145,5.78231689259583,2023-09-03
DAY,1678406400,267,cadli,DOGE-USD,5.78231689259583,5.80743148596942,5.511246591525171,5.787398880436951,2023-10-03
DAY,1678492800,267,cadli,DOGE-USD,5.787398880436951,6.026569593017837,5.602515401744517,5.830005683621162,2023-11-03
DAY,1678579200,267,cadli,DOGE-USD,5.830005683621162,6.232994662651255,5.763122551952183,6.203854540526378,2023-12-03
DAY,1680307200,267,cadli,DOGE-USD,6.744153828153991,7.289690684399789,6.65741127829912,7.166992211337877,2023-01-04
DAY,1680393600,267,cadli,DOGE-USD,7.166992211337877,7.485862621572616,6.79457812157437,6.929497993021449,2023-02-04
DAY,1680480000,267,cadli,DOGE-USD,6.929497993021449,9.034805397168975,6.694905533136904,8.41878485916853,2023-03-04
DAY,1680566400,267,cadli,DOGE-USD,8.41878485916853,9.04302536724727,8.095792382675691,8.32221497933506,2023-04-04
DAY,1680652800,267,cadli,DOGE-USD,8.32221497933506,8.667972030268658,7.9997009264290755,8.113174601015217,2023-05-04
DAY,1680739200,267,cadli,DOGE-USD,8.113174601015217,8.113174601015217,7.428988476717776,7.475647698805929,2023-06-04
DAY,1680825600,267,cadli,DOGE-USD,7.475647698805929,7.547547788253834,7.135790619708396,7.20320502952715,2023-07-04
DAY,1680912000,267,cadli,DOGE-USD,7.20320502952715,7.33702868439921,7.082511600344016,7.127873388629206,2023-08-04
DAY,1680998400,267,cadli,DOGE-USD,7.127873388629206,7.335139187427241,7.106508606266915,7.280622515123025,2023-09-04
DAY,1681084800,267,cadli,DOGE-USD,7.280622515123025,7.467473898273466,7.200709863730495,7.41579676572514,2023-10-04
DAY,1681171200,267,cadli,DOGE-USD,7.41579676572514,7.5011101468305155,7.323243449965775,7.3616106345478,2023-11-04
DAY,1681257600,267,cadli,DOGE-USD,7.3616106345478,7.385016678493399,7.100767833591614,7.295887454125773,2023-12-04
DAY,1682899200,267,cadli,DOGE-USD,6.95671181219049,7.000790070690581,6.775491795184677,6.897027827134867,2023-01-05
DAY,1682985600,267,cadli,DOGE-USD,6.897027827134867,6.920588754760682,6.7965566736793015,6.894394630229944,2023-02-05
DAY,1683072000,267,cadli,DOGE-USD,6.894394630229944,7.057222239710871,6.757079693447948,6.961941995763167,2023-03-05
DAY,1683158400,267,cadli,DOGE-USD,6.961941995763167,6.981577597980956,6.826575014246143,6.864052292269208,2023-04-05
DAY,1683244800,267,cadli,DOGE-USD,6.864052292269208,7.118877352578825,6.814198803558418,7.024404158679627,2023-05-05
DAY,1683331200,267,cadli,DOGE-USD,7.024404158679627,7.04607975927674,6.659201077126267,6.723177027151309,2023-06-05
DAY,1683417600,267,cadli,DOGE-USD,6.723177027151309,6.826248544657252,6.691301185546542,6.711719572640893,2023-07-05
DAY,1683504000,267,cadli,DOGE-USD,6.711719572640893,6.805293795590079,6.171115013916928,6.350204782942634,2023-08-05
DAY,1683590400,267,cadli,DOGE-USD,6.350204782942634,6.458665516063761,6.322212049982009,6.402534309750924,2023-09-05
DAY,1683676800,267,cadli,DOGE-USD,6.402534309750924,6.544702169348481,6.211026893131769,6.41380548250046,2023-10-05
DAY,1683763200,267,cadli,DOGE-USD,6.41380548250046,6.41380548250046,6.0764424889471575,6.301323622300095,2023-11-05
DAY,1683849600,267,cadli,DOGE-USD,6.301323622300095,6.3585423514220665,6.074279228944508,6.335958697311405,2023-12-05
DAY,1685577600,267,cadli,DOGE-USD,6.27388030947414,6.337351785659581,6.204123843373549,6.2547964705494055,2023-01-06
DAY,1685664000,267,cadli,DOGE-USD,6.2547964705494055,6.412976803910404,6.224468519409548,6.352497087670324,2023-02-06
DAY,1685750400,267,cadli,DOGE-USD,6.352497087670324,6.3868901587801234,6.3228634810790725,6.362995117271406,2023-03-06
DAY,1685836800,267,cadli,DOGE-USD,6.362995117271406,6.411242135077859,6.336200226914213,6.343647540015686,2023-04-06
DAY,1685923200,267,cadli,DOGE-USD,6.343647540015686,6.363255684039089,5.614474802701781,5.826694499104422,2023-05-06
DAY,1686009600,267,cadli,DOGE-USD,5.826694499104422,6.304582284750064,5.780657284566501,6.154866309728488,2023-06-06
DAY,1686096000,267,cadli,DOGE-USD,6.154866309728488,6.185160926320518,5.854290393736311,5.9515000713556745,2023-07-06
DAY,1686182400,267,cadli,DOGE-USD,5.9515000713556745,5.992537199307145,5.880040019739668,5.951961353148441,2023-08-06
DAY,1686268800,267,cadli,DOGE-USD,5.951961353148441,6.225279331364287,5.917044414096224,6.08834829166624,2023-09-06
DAY,1686355200,267,cadli,DOGE-USD,6.08834829166624,6.200185315169983,4.850405979997579,5.423624034714348,2023-10-06
DAY,1686441600,267,cadli,DOGE-USD,5.423624034714348,5.509509901294336,5.3666700049747735,5.404117269730379,2023-11-06
DAY,1686528000,267,cadli,DOGE-USD,5.404117269730379,5.411133686262917,5.281623031580347,5.400439160145663,2023-12-06
DAY,1688169600,267,cadli,DOGE-USD,5.816924322290406,6.237603227521659,5.816924322290406,5.996393421296829,2023-01-07
DAY,1688256000,267,cadli,DOGE-USD,5.996393421296829,6.042754871332884,5.779759793362428,5.950898952005219,2023-02-07
DAY,1688342400,267,cadli,DOGE-USD,5.950898952005219,6.020041211269835,5.8369260853870415,5.992429377518208,2023-03-07
DAY,1688428800,267,cadli,DOGE-USD,5.992429377518208,6.283605628564303,5.794785756801869,6.052670566970704,2023-04-07
DAY,1688515200,267,cadli,DOGE-USD,6.052670566970704,6.064156727194332,5.7300900246970725,5.871511675517016,2023-05-07
DAY,1688601600,267,cadli,DOGE-USD,5.871511675517016,5.994745134606686,5.653925102082882,5.686102861863978,2023-06-07
DAY,1688688000,267,cadli,DOGE-USD,5.686102861863978,5.769866044575618,5.477453809968203,5.735067961811276,2023-07-07
DAY,1688774400,267,cadli,DOGE-USD,5.735067961811276,5.785291242198165,5.679361842050764,5.762453075078136,2023-08-07
DAY,1688860800,267,cadli,DOGE-USD,5.762453075078136,5.815241826575223,5.481956359870278,5.700948415616411,2023-09-07
DAY,1688947200,267,cadli,DOGE-USD,5.700948415616411,5.7876580633342245,5.4020123090940775,5.707700184292785,2023-10-07
DAY,1689033600,267,cadli,DOGE-USD,5.707700184292785,5.736506458521693,5.637099010433076,5.719450728628091,2023-11-07
DAY,1689120000,267,cadli,DOGE-USD,5.719450728628091,5.7547689988157975,5.610612033312406,5.710890284093904,2023-12-07
DAY,1690848000,267,cadli,DOGE-USD,6.821179653725328,6.846147981264038,6.634237712784893,6.834453992501276,2023-01-08
DAY,1690934400,267,cadli,DOGE-USD,6.834453992501276,6.844844925272208,6.476941064270562,6.496864672708525,2023-02-08
DAY,1691020800,267,cadli,DOGE-USD,6.496864672708525,6.561534211713775,6.378346422160711,6.440129466544122,2023-03-08
DAY,1691107200,267,cadli,DOGE-USD,6.440129466544122,6.551393149956807,6.366178386687944,6.427550008856401,2023-04-08
DAY,1691193600,267,cadli,DOGE-USD,6.427550008856401,6.7340867295119535,6.379133991442193,6.62636531857403,2023-05-08
DAY,1691280000,267,cadli,DOGE-USD,6.62636531857403,6.692372715081971,6.490565345760508,6.498873533439856,2023-06-08
DAY,1691366400,267,cadli,DOGE-USD,6.498873533439856,6.618071619619569,6.315482939369264,6.431875791227426,2023-07-08
DAY,1691452800,267,cadli,DOGE-USD,6.431875791227426,6.592950580268516,6.402617761322006,6.556713847159582,2023-08-08
DAY,1691539200,267,cadli,DOGE-USD,6.556713847159582,6.657283470405811,6.500776083368214,6.596490686695155,2023-09-08
DAY,1691625600,267,cadli,DOGE-USD,6.596490686695155,6.718075597777689,6.570078691951313,6.629717246306269,2023-10-08
DAY,1691712000,267,cadli,DOGE-USD,6.629717246306269,6.643933122647423,6.5622721340619,6.613670139903003,2023-11-08
DAY,1691798400,267,cadli,DOGE-USD,6.613670139903003,6.756680703885337,6.605520988513135,6.706515033050263,2023-12-08
DAY,1693526400,267,cadli,DOGE-USD,5.592110388865757,5.635020144416672,5.486748833609981,5.635020144416672,2023-01-09
DAY,1693612800,267,cadli,DOGE-USD,5.635020144416672,5.669730066614712,5.507024362442074,5.5685013913589945,2023-02-09
DAY,1693699200,267,cadli,DOGE-USD,5.5685013913589945,5.6074521031356825,5.50729617280262,5.536262452392295,2023-03-09
DAY,1693785600,267,cadli,DOGE-USD,5.536262452392295,5.589969734884665,5.461701654922564,5.54059792984924,2023-04-09
DAY,1693872000,267,cadli,DOGE-USD,5.54059792984924,5.637023410306565,5.507631197080046,5.60950145907519,2023-05-09
DAY,1693958400,267,cadli,DOGE-USD,5.60950145907519,5.65593415728206,5.491330578430556,5.574096371143686,2023-06-09
DAY,1694044800,267,cadli,DOGE-USD,5.574096371143686,5.611973447655506,5.497722897134147,5.571377295237435,2023-07-09
DAY,1694131200,267,cadli,DOGE-USD,5.571377295237435,5.601452622404323,5.476469986594452,5.57571040123902,2023-08-09
DAY,1694217600,267,cadli,DOGE-USD,5.57571040123902,5.6049386948582,5.538722316594497,5.549839054985568,2023-09-09
DAY,1694304000,267,cadli,DOGE-USD,5.549839054985568,5.583592603183806,5.316724953549644,5.37209142572625,2023-10-09
DAY,1694390400,267,cadli,DOGE-USD,5.37209142572625,5.437409584463449,5.20756648267272,5.306127195457093,2023-11-09
DAY,1694476800,267,cadli,DOGE-USD,5.306127195457093,5.445698979304066,5.287150514708353,5.335377898830946,2023-12-09
DAY,1696118400,267,cadli,DOGE-USD,5.432725699429216,5.553402761470365,5.407966143466741,5.523659711346036,2023-01-10
DAY,1696204800,267,cadli,DOGE-USD,5.523659711346036,5.60197599383204,5.379906574562548,5.424914957520822,2023-02-10
DAY,1696291200,267,cadli,DOGE-USD,5.424914957520822,5.4472973095922885,5.347713015935944,5.366462288522759,2023-03-10
DAY,1696377600,267,cadli,DOGE-USD,5.366462288522759,5.3852747271049095,5.2788478530169485,5.375435175337381,2023-04-10
DAY,1696464000,267,cadli,DOGE-USD,5.375435175337381,5.392241832249119,5.276883793293533,5.327894807398131,2023-05-10
DAY,1696550400,267,cadli,DOGE-USD,5.327894807398131,5.386795584106141,5.319625602486064,5.37424133216363,2023-06-10
DAY,1696636800,267,cadli,DOGE-USD,5.37424133216363,5.402262447889713,5.347339684279077,5.37991674598622,2023-07-10
DAY,1696723200,267,cadli,DOGE-USD,5.37991674598622,5.394198838753635,5.3211711955339975,5.337965745054712,2023-08-10
DAY,1696809600,267,cadli,DOGE-USD,5.337965745054712,5.340272649404026,5.078791196082358,5.144083894125388,2023-09-10
DAY,1696896000,267,cadli,DOGE-USD,5.144083894125388,5.196298708929967,5.12570399433618,5.177611217819817,2023-10-10
DAY,1696982400,267,cadli,DOGE-USD,5.177611217819817,5.214825218170016,5.059128352827076,5.1296559473900345,2023-11-10
DAY,1697068800,267,cadli,DOGE-USD,5.1296559473900345,5.1296559473900345,5.028028145328131,5.071817761155191,2023-12-10
DAY,1698796800,267,cadli,DOGE-USD,5.978634612543957,6.089547778996992,5.773321606812994,6.034775222471875,2023-01-11
DAY,1698883200,267,cadli,DOGE-USD,6.034775222471875,6.202125401944732,5.855106577690633,5.953638162134872,2023-02-11
DAY,1698969600,267,cadli,DOGE-USD,5.953638162134872,5.983526824709302,5.832498304056433,5.974589439144133,2023-03-11
DAY,1699056000,267,cadli,DOGE-USD,5.974589439144133,6.075680457470676,5.963434955611016,6.0632513704195095,2023-04-11
DAY,1699142400,267,cadli,DOGE-USD,6.0632513704195095,6.293075573559339,6.043428421067733,6.249208893876778,2023-05-11
DAY,1699228800,267,cadli,DOGE-USD,6.249208893876778,6.715676083159049,6.183213619969873,6.715676083159049,2023-06-11
DAY,1699315200,267,cadli,DOGE-USD,6.715676083159049,6.715676083159049,6.294603860434405,6.439271094864305,2023-07-11
DAY,1699401600,267,cadli,DOGE-USD,6.439271094864305,6.7151836320664975,6.386758202215145,6.59821865697879,2023-08-11
DAY,1699488000,267,cadli,DOGE-USD,6.59821865697879,6.806813618897197,6.016409599376411,6.448816415360573,2023-09-11
DAY,1699574400,267,cadli,DOGE-USD,6.448816415360573,6.628241952667764,6.384679646311035,6.617515406574635,2023-10-11
DAY,1699660800,267,cadli,DOGE-USD,6.617515406574635,7.156469325312229,6.547535910409315,6.878915681094116,2023-11-11
DAY,1699747200,267,cadli,DOGE-USD,6.878915681094116,7.017416860414422,6.611202496152701,6.825244622132602,2023-12-11
DAY,1701388800,267,cadli,DOGE-USD,7.321669214477329,7.458582429299136,7.223749816930577,7.351806859304102,2023-01-12
DAY,1701475200,267,cadli,DOGE-USD,7.351806859304102,7.588113387278141,7.303368227444367,7.551038334237639,2023-02-12
DAY,1701561600,267,cadli,DOGE-USD,7.551038334237639,7.650189482211625,7.323125922481943,7.50360374059467,2023-03-12
DAY,1701648000,267,cadli,DOGE-USD,7.50360374059467,8.093270297975245,7.464506085452536,8.049947894196883,2023-04-12
DAY,1701734400,267,cadli,DOGE-USD,8.049947894196883,8.36147527709088,7.680496921058906,8.260567450748958,2023-05-12
DAY,1701820800,267,cadli,DOGE-USD,8.260567450748958,9.321081608186432,8.202293995571605,8.35752087499681,2023-06-12
DAY,1701907200,267,cadli,DOGE-USD,8.35752087499681,8.61941948758494,8.175174400431075,8.42046997041485,2023-07-12
DAY,1701993600,267,cadli,DOGE-USD,8.42046997041485,9.09512374610219,8.402267528986268,8.911447795746886,2023-08-12
DAY,1702080000,267,cadli,DOGE-USD,8.911447795746886,9.184822484479746,8.582374651474717,8.644441669893704,2023-09-12
DAY,1702166400,267,cadli,DOGE-USD,8.644441669893704,8.993846194850732,8.48868036468272,8.930656334870493,2023-10-12
DAY,1702252800,267,cadli,DOGE-USD,8.930656334870493,9.353415055234109,8.031867509323,8.275398806643766,2023-11-12
DAY,1702339200,267,cadli,DOGE-USD,8.275398806643766,8.5804385409045,8.030302895073328,8.254472997118944,2023-12-12
DAY,1704067200,267,cadli,DOGE-USD,7.838241954262986,8.035707619437737,7.759541827998746,8.035707619437737,2024-01-01
DAY,1704153600,267,cadli,DOGE-USD,8.035707619437737,8.246340870233412,7.939856021607722,7.981705788865007,2024-02-01
DAY,1704240000,267,cadli,DOGE-USD,7.981705788865007,8.056314947832321,6.783802953162611,7.203079551798495,2024-03-01
DAY,1704326400,267,cadli,DOGE-USD,7.203079551798495,7.411049926761441,7.114373410598596,7.364594739796631,2024-04-01
DAY,1704412800,267,cadli,DOGE-USD,7.364594739796631,7.427487140512609,7.078890608128478,7.2394811976416,2024-05-01
DAY,1704499200,267,cadli,DOGE-USD,7.2394811976416,7.2601284308145315,6.878444293864912,7.058992199044332,2024-06-01
DAY,1704585600,267,cadli,DOGE-USD,7.058992199044332,7.130257742902328,6.764425268319029,6.859114542651086,2024-07-01
DAY,1704672000,267,cadli,DOGE-USD,6.859114542651086,7.20760569263107,6.511888293304643,7.131098755814924,2024-08-01
DAY,1704758400,267,cadli,DOGE-USD,7.131098755814924,7.263624741730337,6.751359691354226,6.934896745691989,2024-09-01
DAY,1704844800,267,cadli,DOGE-USD,6.934896745691989,7.427016101738607,6.699671940497718,7.280577152620494,2024-10-01
DAY,1704931200,267,cadli,DOGE-USD,7.280577152620494,7.693214755810569,7.207275150930207,7.429961135783949,2024-11-01
DAY,1705017600,267,cadli,DOGE-USD,7.429961135783949,7.496613468611046,6.85587580166196,7.0377254776569655,2024-12-01
DAY,1706745600,267,cadli,DOGE-USD,6.896114727622306,6.989479026095986,6.7970108891310606,6.948105103373938,2024-01-02
DAY,1706832000,267,cadli,DOGE-USD,6.948105103373938,7.00188314982949,6.88352460412343,6.94022551611916,2024-02-02
DAY,1706918400,267,cadli,DOGE-USD,6.94022551611916,6.966961312986696,6.883431122401734,6.8955354022155575,2024-03-02
DAY,1707004800,267,cadli,DOGE-USD,6.8955354022155575,6.997306737144667,6.838033831293613,6.868925401511085,2024-04-02
DAY,1707091200,267,cadli,DOGE-USD,6.868925401511085,7.027234844767871,6.780456229002408,6.857967870924744,2024-05-02
DAY,1707177600,267,cadli,DOGE-USD,6.857967870924744,6.932677279040649,6.8129183874986765,6.872971709019907,2024-06-02
DAY,1707264000,267,cadli,DOGE-USD,6.872971709019907,7.026457873721824,6.845207345422859,7.011506768677061,2024-07-02
DAY,1707350400,267,cadli,DOGE-USD,7.011506768677061,7.071389867345263,6.972529611675885,6.994294643517309,2024-08-02
DAY,1707436800,267,cadli,DOGE-USD,6.994294643517309,7.1894035927100415,6.994294643517309,7.141021569991454,2024-09-02
DAY,1707523200,267,cadli,DOGE-USD,7.141021569991454,7.192990997118905,7.036792907174454,7.128922456448164,2024-10-02
DAY,1707609600,267,cadli,DOGE-USD,7.128922456448164,7.29114083499779,7.080310820918013,7.111563352675771,2024-11-02
DAY,1707696000,267,cadli,DOGE-USD,7.111563352675771,7.242078630766181,6.962203120609454,7.1961368663596,2024-12-02
DAY,1709251200,267,cadli,DOGE-USD,10.30329600001951,12.754074327016992,10.30329600001951,12.257432075641193,2024-01-03
DAY,1709337600,267,cadli,DOGE-USD,12.257432075641193,13.195116606337743,12.00241029756438,12.488919629505974,2024-02-03
DAY,1709424000,267,cadli,DOGE-USD,12.488919629505974,13.688545882992932,11.1832992849188,13.503481405456933,2024-03-03
DAY,1709510400,267,cadli,DOGE-USD,13.503481405456933,16.236054683653414,12.915926822268595,15.99041357955332,2024-04-03
DAY,1709596800,267,cadli,DOGE-USD,15.99041357955332,18.113809837137275,11.205844578869735,13.553260171737138,2024-05-03
DAY,1709683200,267,cadli,DOGE-USD,13.553260171737138,15.73780817517211,12.914793209825506,13.897078245051633,2024-06-03
DAY,1709769600,267,cadli,DOGE-USD,13.897078245051633,14.261800293092575,12.915065463420436,13.870421419630484,2024-07-03
DAY,1709856000,267,cadli,DOGE-USD,13.870421419630484,15.456941372635562,13.660856262099044,14.527766729816168,2024-08-03
DAY,1709942400,267,cadli,DOGE-USD,14.527766729816168,16.23553604065541,14.408039503387448,15.746881252243847,2024-09-03
DAY,1710028800,267,cadli,DOGE-USD,15.746881252243847,15.805610005808376,14.57438049013055,14.93917177567668,2024-10-03
DAY,1710115200,267,cadli,DOGE-USD,14.93917177567668,16.048014044498515,14.147558337730333,15.989537246421827,2024-11-03
DAY,1710201600,267,cadli,DOGE-USD,15.989537246421827,16.08251828987374,13.907159604122215,14.77448657811106,2024-12-03
DAY,1711929600,267,cadli,DOGE-USD,19.337620111710425,19.337620111710425,17.411274249804666,18.03470361169376,2024-01-04
DAY,1712016000,267,cadli,DOGE-USD,18.03470361169376,18.03470361169376,15.892214539466446,16.080932709235576,2024-02-04
DAY,1712102400,267,cadli,DOGE-USD,16.080932709235576,16.509949140768025,15.027645768286703,15.452316538044736,2024-03-04
DAY,1712188800,267,cadli,DOGE-USD,15.452316538044736,16.553128236447634,15.16677843180915,15.85942075581814,2024-04-04
DAY,1712275200,267,cadli,DOGE-USD,15.85942075581814,15.897788417207387,14.795578761914207,15.581632789862203,2024-05-04
DAY,1712361600,267,cadli,DOGE-USD,15.581632789862203,16.473148209506114,15.526280808660474,16.31101277438453,2024-06-04
DAY,1712448000,267,cadli,DOGE-USD,16.31101277438453,17.9720719378213,16.29402062284226,17.477164924057668,2024-07-04
DAY,1712534400,267,cadli,DOGE-USD,17.477164924057668,18.305938053818547,17.202662806213105,17.80258343156351,2024-08-04
DAY,1712620800,267,cadli,DOGE-USD,17.80258343156351,17.86808980346343,16.338656471224915,16.611474974496875,2024-09-04
DAY,1712707200,267,cadli,DOGE-USD,16.611474974496875,17.70742372508003,15.905055088592665,17.529700561877384,2024-10-04
DAY,1712793600,267,cadli,DOGE-USD,17.529700561877384,17.8208969200851,16.682337676788475,17.015321309292347,2024-11-04
DAY,1712880000,267,cadli,DOGE-USD,17.015321309292347,17.583084097163415,14.210507758069811,15.30589469671608,2024-12-04
DAY,1714521600,267,cadli,DOGE-USD,11.678194623651898,11.72501466945952,10.534896314096285,11.4109674755767,2024-01-05
DAY,1714608000,267,cadli,DOGE-USD,11.4109674755767,11.778029102567556,10.876101058675822,11.566773361652524,2024-02-05
DAY,1714694400,267,cadli,DOGE-USD,11.566773361652524,12.977319291206594,11.510138475111978,12.827517691741823,2024-03-05
DAY,1714780800,267,cadli,DOGE-USD,12.827517691741823,14.871836539243173,12.816789388283716,14.075172189765857,2024-04-05
DAY,1714867200,267,cadli,DOGE-USD,14.075172189765857,14.34320414358281,13.58721490294446,14.127570085988747,2024-05-05
DAY,1714953600,267,cadli,DOGE-USD,14.127570085988747,14.819352500042683,13.543520044360026,13.731632346075903,2024-06-05
DAY,1715040000,267,cadli,DOGE-USD,13.731632346075903,14.008852742794472,13.111341084140438,13.147946631747546,2024-07-05
DAY,1715126400,267,cadli,DOGE-USD,13.147946631747546,13.308346346065273,12.457715648126216,12.5483424747159,2024-08-05
DAY,1715212800,267,cadli,DOGE-USD,12.5483424747159,13.481034263368812,12.5483424747159,13.32329269096778,2024-09-05
DAY,1715299200,267,cadli,DOGE-USD,13.32329269096778,13.427981535927248,12.489173988891984,12.622978480627332,2024-10-05
DAY,1715385600,267,cadli,DOGE-USD,12.622978480627332,12.802290390833814,12.5032632153878,12.573121830552108,2024-11-05
DAY,1715472000,267,cadli,DOGE-USD,12.573121830552108,12.677943440573213,12.254632743388289,12.37679854019817,2024-12-05
DAY,1717200000,267,cadli,DOGE-USD,13.90563142568202,14.125070409787034,13.85484043253409,14.0414843092164,2024-01-06
DAY,1717286400,267,cadli,DOGE-USD,14.0414843092164,14.125525465845866,13.554799733616226,13.747227885576502,2024-02-06
DAY,1717372800,267,cadli,DOGE-USD,13.747227885576502,14.278738235354854,13.644787639328325,13.861583190515846,2024-03-06
DAY,1717459200,267,cadli,DOGE-USD,13.861583190515846,14.149528113438937,13.743887082515563,14.12226117457479,2024-04-06
DAY,1717545600,267,cadli,DOGE-USD,14.12226117457479,14.399176321734725,14.104299749322507,14.276954956233816,2024-05-06
DAY,1717632000,267,cadli,DOGE-USD,14.276954956233816,14.469451281155353,13.879692558233186,14.009242483569215,2024-06-06
DAY,1717718400,267,cadli,DOGE-USD,14.009242483569215,14.18753588119807,12.420177706878269,12.975675720666166,2024-07-06
DAY,1717804800,267,cadli,DOGE-USD,12.975675720666166,13.155021356041374,12.603040692133664,12.779404074385791,2024-08-06
DAY,1717891200,267,cadli,DOGE-USD,12.779404074385791,13.033622992357117,12.698371841268449,12.849644625101035,2024-09-06
DAY,1717977600,267,cadli,DOGE-USD,12.849644625101035,12.9366682741467,12.551159133477247,12.667974971912145,2024-10-06
DAY,1718064000,267,cadli,DOGE-USD,12.667974971912145,12.695320016328496,11.727993931621713,12.085115983216289,2024-11-06
DAY,1718150400,267,cadli,DOGE-USD,12.085115983216289,13.165244962589652,11.808741495969064,12.803633057462903,2024-12-06
DAY,1719792000,267,cadli,DOGE-USD,10.879368262044007,11.140269178140718,10.783494666509862,10.79920110497371,2024-01-07
DAY,1719878400,267,cadli,DOGE-USD,10.79920110497371,10.955783871615017,10.71442177899068,10.952534501577984,2024-02-07
DAY,1719964800,267,cadli,DOGE-USD,10.952534501577984,10.976802020463817,10.241781263974548,10.36332840516132,2024-03-07
DAY,1720051200,267,cadli,DOGE-USD,10.36332840516132,10.422819661621576,9.148236922324536,9.193133538977202,2024-04-07
DAY,1720137600,267,cadli,DOGE-USD,9.193133538977202,9.331126157267272,8.18519259751686,9.24264630910478,2024-05-07
DAY,1720224000,267,cadli,DOGE-USD,9.24264630910478,10.011375750041449,9.188762795864832,9.95279746302378,2024-06-07
DAY,1720310400,267,cadli,DOGE-USD,9.95279746302378,9.95279746302378,9.089740876561068,9.132880105819748,2024-07-07
DAY,1720396800,267,cadli,DOGE-USD,9.132880105819748,9.729242307975785,8.686716912363115,9.428732504801944,2024-08-07
DAY,1720483200,267,cadli,DOGE-USD,9.428732504801944,9.56774314575389,9.28340733148937,9.41833241570814,2024-09-07
DAY,1720569600,267,cadli,DOGE-USD,9.41833241570814,9.668376582645612,9.273988693329487,9.468797811744135,2024-10-07
DAY,1720656000,267,cadli,DOGE-USD,9.468797811744135,9.8318603074681,9.30904893239753,9.34882220287144,2024-11-07
DAY,1720742400,267,cadli,DOGE-USD,9.34882220287144,9.481718501456792,9.192297161325108,9.438076537970163,2024-12-07
DAY,1722470400,267,cadli,DOGE-USD,10.691476756294673,10.778388172014132,9.83905460550984,10.420978092468395,2024-01-08
DAY,1722556800,267,cadli,DOGE-USD,10.420978092468395,10.48095205829974,9.667392926416364,9.771099413146176,2024-02-08
DAY,1722643200,267,cadli,DOGE-USD,9.771099413146176,10.043082220935291,9.229645737806134,9.46876823248433,2024-03-08
DAY,1722729600,267,cadli,DOGE-USD,9.46876823248433,9.58003969289646,8.710453602534555,9.083718267058076,2024-04-08
DAY,1722816000,267,cadli,DOGE-USD,9.083718267058076,9.119132212848434,7.082822672094047,8.262962920704737,2024-05-08
DAY,1722902400,267,cadli,DOGE-USD,8.262962920704737,8.893756550591611,8.26140167865337,8.457569271725736,2024-06-08
DAY,1722988800,267,cadli,DOGE-USD,8.457569271725736,8.923009218675235,8.271217047927179,8.365149057970177,2024-07-08
DAY,1723075200,267,cadli,DOGE-USD,8.365149057970177,9.440664664732914,8.213471472494852,9.408047980326645,2024-08-08
DAY,1723161600,267,cadli,DOGE-USD,9.408047980326645,9.431809200449962,8.917822338318256,9.120274607132217,2024-09-08
DAY,1723248000,267,cadli,DOGE-USD,9.120274607132217,9.283745700061482,9.020941498558974,9.228403680186656,2024-10-08
DAY,1723334400,267,cadli,DOGE-USD,9.228403680186656,9.713899132252642,8.783668970313007,8.811445689653889,2024-11-08
DAY,1723420800,267,cadli,DOGE-USD,8.811445689653889,9.504338214240985,8.798451970401018,9.446457960362707,2024-12-08
DAY,1725148800,267,cadli,DOGE-USD,8.877383548669785,8.894873734175048,8.250614152736938,8.332112173213494,2024-01-09
DAY,1725235200,267,cadli,DOGE-USD,8.332112173213494,8.727068634698654,8.242628997870524,8.686973179333156,2024-02-09
DAY,1725321600,267,cadli,DOGE-USD,8.686973179333156,8.814814921726146,8.457789163262833,8.465771665977531,2024-03-09
DAY,1725408000,267,cadli,DOGE-USD,8.465771665977531,8.701019932083078,8.095494448147738,8.584282095667687,2024-04-09
DAY,1725494400,267,cadli,DOGE-USD,8.584282095667687,8.67625635697006,8.414093816788442,8.614085033168612,2024-05-09
DAY,1725580800,267,cadli,DOGE-USD,8.614085033168612,8.69735935974224,7.811662437840314,8.107480399419495,2024-06-09
DAY,1725667200,267,cadli,DOGE-USD,8.107480399419495,8.383086661040464,8.035686815341922,8.345727451929523,2024-07-09
DAY,1725753600,267,cadli,DOGE-USD,8.345727451929523,8.49144214206461,8.225008128623635,8.410418274580705,2024-08-09
DAY,1725840000,267,cadli,DOGE-USD,8.410418274580705,9.158996240246386,8.380725407696811,9.08197938796516,2024-09-09
DAY,1725926400,267,cadli,DOGE-USD,9.08197938796516,9.148834464780853,8.889887358889276,8.989793418848537,2024-10-09
DAY,1726012800,267,cadli,DOGE-USD,8.989793418848537,9.018923745476387,8.576644643943414,8.864140191830828,2024-11-09
DAY,1726099200,267,cadli,DOGE-USD,8.864140191830828,9.04763643505565,8.795058155568864,8.985066787785815,2024-12-09
DAY,1727740800,267,cadli,DOGE-USD,9.99958386060466,10.42829984683459,9.004009178933199,9.350430963221893,2024-01-10
DAY,1727827200,267,cadli,DOGE-USD,9.350430963221893,9.575782954417612,8.950821203181496,9.157187329625463,2024-02-10
DAY,1727913600,267,cadli,DOGE-USD,9.157187329625463,9.340269554175135,8.853624265245115,9.194188997144396,2024-03-10
DAY,1728000000,267,cadli,DOGE-USD,9.194188997144396,9.668493811670343,9.17370146501072,9.557161225902648,2024-04-10
DAY,1728086400,267,cadli,DOGE-USD,9.557161225902648,9.641930431464232,9.404370815453747,9.571037869384837,2024-05-10
DAY,1728172800,267,cadli,DOGE-USD,9.571037869384837,9.865719409692156,9.483379166484456,9.75473128381558,2024-06-10
DAY,1728259200,267,cadli,DOGE-USD,9.75473128381558,10.088210180461315,9.475124330823595,9.48297271597454,2024-07-10
DAY,1728345600,267,cadli,DOGE-USD,9.48297271597454,9.600746842454264,9.209074929714028,9.36572551298357,2024-08-10
DAY,1728432000,267,cadli,DOGE-USD,9.36572551298357,9.740665974361413,9.28282074156288,9.436055706351375,2024-09-10
DAY,1728518400,267,cadli,DOGE-USD,9.436055706351375,9.489409775051524,9.015374785870025,9.26652999419405,2024-10-10
DAY,1728604800,267,cadli,DOGE-USD,9.26652999419405,9.735749222513368,9.236689843993137,9.68223253527641,2024-11-10
DAY,1728691200,267,cadli,DOGE-USD,9.68223253527641,9.799758804095084,9.559535843970648,9.741574095599445,2024-12-10
DAY,1730419200,267,cadli,DOGE-USD,14.141343180824816,14.781719977205302,13.49447299247062,13.935051355001224,2024-01-11
DAY,1730505600,267,cadli,DOGE-USD,13.935051355001224,14.322747624726713,13.63424208234762,13.94617818589802,2024-02-11
DAY,1730592000,267,cadli,DOGE-USD,13.94617818589802,13.975512028498562,12.441250620458154,13.24936498959384,2024-03-11
DAY,1730678400,267,cadli,DOGE-USD,13.24936498959384,14.016655564412137,12.986424077681086,13.850849395585994,2024-04-11
DAY,1730764800,267,cadli,DOGE-USD,13.850849395585994,15.677893082028724,13.828198770907704,14.87574463350113,2024-05-11
DAY,1730851200,267,cadli,DOGE-USD,14.87574463350113,18.963412777741603,14.808908125158542,17.140949947557008,2024-06-11
DAY,1730937600,267,cadli,DOGE-USD,17.140949947557008,17.79436987236402,16.2427145674259,16.89324115859301,2024-07-11
DAY,1731024000,267,cadli,DOGE-USD,16.89324115859301,18.09487800900534,16.67237491351212,17.661325923804988,2024-08-11
DAY,1731110400,267,cadli,DOGE-USD,17.661325923804988,19.233698492473916,17.270744370440752,19.144456922827263,2024-09-11
DAY,1731196800,267,cadli,DOGE-USD,19.144456922827263,26.02294961178603,18.95163113022668,24.260468507879224,2024-10-11
DAY,1731283200,267,cadli,DOGE-USD,24.260468507879224,30.741576741893237,23.858479258314176,30.739462202207235,2024-11-11
DAY,1731369600,267,cadli,DOGE-USD,30.739462202207235,38.387210651547,28.684869385215865,33.3090032283251,2024-12-11
DAY,1733011200,267,cadli,DOGE-USD,36.88251276724832,39.32074711788432,36.45986457478472,38.44873592513913,2024-01-12
DAY,1733097600,267,cadli,DOGE-USD,38.44873592513913,40.400487162913215,35.16885548298065,37.094360216420135,2024-02-12
DAY,1733184000,267,cadli,DOGE-USD,37.094360216420135,37.546352081223965,34.02893420904595,35.45951749627977,2024-03-12
DAY,1733270400,267,cadli,DOGE-USD,35.45951749627977,38.18605554262172,35.01243651597564,37.86734113215001,2024-04-12
DAY,1733356800,267,cadli,DOGE-USD,37.86734113215001,40.58257564222632,35.674929302920226,37.36276559745792,2024-05-12
DAY,1733443200,267,cadli,DOGE-USD,37.36276559745792,38.55632467646248,36.700207544503485,37.9888686943688,2024-06-12
DAY,1733529600,267,cadli,DOGE-USD,37.9888686943688,40.66920333633611,37.6637672460752,39.64462560354386,2024-07-12
DAY,1733616000,267,cadli,DOGE-USD,39.64462560354386,42.33335175020417,39.07308838933862,40.68755404391571,2024-08-12
DAY,1733702400,267,cadli,DOGE-USD,40.68755404391571,40.746084921421705,34.249186064300595,36.25508568477083,2024-09-12
DAY,1733788800,267,cadli,DOGE-USD,36.25508568477083,36.98988091547596,32.021096786091896,34.461958047810576,2024-10-12
DAY,1733875200,267,cadli,DOGE-USD,34.461958047810576,36.626407514815504,32.83650619124002,36.18095117101366,2024-11-12
DAY,1733961600,267,cadli,DOGE-USD,36.18095117101366,37.03041517480734,35.101804043924965,35.51573055708777,2024-12-12
DAY,1735689600,267,cadli,DOGE-USD,27.605829209937333,28.60218531807903,27.269707281623862,28.41552463535452,2025-01-01
DAY,1735776000,267,cadli,DOGE-USD,28.41552463535452,30.184928972863677,28.3917469517407,29.634655622659512,2025-02-01
DAY,1735862400,267,cadli,DOGE-USD,29.634655622659512,34.02287027097855,29.38255849214746,33.20824193594018,2025-03-01
DAY,1735948800,267,cadli,DOGE-USD,33.20824193594018,34.849545007016886,32.99544873927767,34.51003472193032,2025-04-01
DAY,1736035200,267,cadli,DOGE-USD,34.51003472193032,34.76253254679496,32.842970606859225,33.41762633129011,2025-05-01
DAY,1736121600,267,cadli,DOGE-USD,33.41762633129011,34.54537949709078,32.87728106184854,33.93217790595387,2025-06-01
DAY,1736208000,267,cadli,DOGE-USD,33.93217790595387,34.836113050910406,30.47046251332473,30.502015663105908,2025-07-01
DAY,1736294400,267,cadli,DOGE-USD,30.502015663105908,31.123669492703534,28.528919630054155,29.98954091109464,2025-08-01
DAY,1736380800,267,cadli,DOGE-USD,29.98954091109464,30.36640484066686,27.58623350642946,28.14434191777098,2025-09-01
DAY,1736467200,267,cadli,DOGE-USD,28.14434191777098,29.70157923418404,28.14093862962073,29.23346055834167,2025-10-01
DAY,1736553600,267,cadli,DOGE-USD,29.23346055834167,30.463908746670224,28.873196307655213,29.82171854753561,2025-11-01
DAY,1736640000,267,cadli,DOGE-USD,29.82171854753561,30.006986486716613,29.06029705218456,29.40347276174565,2025-12-01
DAY,1738368000,267,cadli,DOGE-USD,28.893438350869356,29.177536671858675,26.54702601192292,26.92291330326351,2025-01-02
DAY,1738454400,267,cadli,DOGE-USD,26.92291330326351,27.514814536585515,22.05607065119649,23.42484964530685,2025-02-02
DAY,1738540800,267,cadli,DOGE-USD,23.42484964530685,25.614917414505538,17.9044161490693,24.93113591651684,2025-03-02
DAY,1738627200,267,cadli,DOGE-USD,24.93113591651684,25.272468399086108,22.337889271643736,23.04408975587491,2025-04-02
DAY,1738713600,267,cadli,DOGE-USD,23.04408975587491,23.52928500389036,22.166901936486383,22.3953310080265,2025-05-02
DAY,1738800000,267,cadli,DOGE-USD,22.3953310080265,23.25037342683338,21.280111181002628,21.68116062400502,2025-06-02
DAY,1738886400,267,cadli,DOGE-USD,21.68116062400502,22.868165138559718,20.885078681762163,21.561477828742184,2025-07-02
DAY,1738972800,267,cadli,DOGE-USD,21.561477828742184,22.2163887137185,21.3841903670125,22.115408051437417,2025-08-02
DAY,1739059200,267,cadli,DOGE-USD,22.115408051437417,22.728047305492023,20.989029008653866,21.8622980982514,2025-09-02
DAY,1739145600,267,cadli,DOGE-USD,21.8622980982514,22.489403333971385,21.15858295289885,22.40945040837196,2025-10-02
DAY,1739232000,267,cadli,DOGE-USD,22.40945040837196,23.66365581419065,21.742374021906883,22.222317362070925,2025-11-02
DAY,1739318400,267,cadli,DOGE-USD,22.222317362070925,23.42930778117902,21.680059209616115,23.16523062922521,2025-12-02
DAY,1740787200,267,cadli,DOGE-USD,17.664964921965574,18.30525750835825,17.451664097075337,18.07861720355412,2025-01-03
DAY,1740873600,267,cadli,DOGE-USD,18.07861720355412,21.26670273333107,17.682222841739293,21.02158754269917,2025-02-03
DAY,1740960000,267,cadli,DOGE-USD,21.02158754269917,21.091027921756776,16.972908332722206,17.451687231522662,2025-03-03
DAY,1741046400,267,cadli,DOGE-USD,17.451687231522662,17.713256184273376,16.07425291800225,17.44232363502271,2025-04-03
DAY,1741132800,267,cadli,DOGE-USD,17.44232363502271,18.103572235459158,17.226880462429985,17.95156845059488,2025-05-03
DAY,1741219200,267,cadli,DOGE-USD,17.95156845059488,19.28086929945577,17.4700943899933,17.66892053145749,2025-06-03
DAY,1741305600,267,cadli,DOGE-USD,17.66892053145749,18.27063136236015,16.725531375020477,17.381122376495,2025-07-03
DAY,1741392000,267,cadli,DOGE-USD,17.381122376495,17.5967848281331,16.75558853671516,16.847205951717942,2025-08-03
DAY,1741478400,267,cadli,DOGE-USD,16.847205951717942,17.018112338799714,14.47795805706457,14.73399495391233,2025-09-03
DAY,1741564800,267,cadli,DOGE-USD,14.73399495391233,15.815335710190972,13.214721740774063,13.491522737608348,2025-10-03
DAY,1741651200,267,cadli,DOGE-USD,13.491522737608348,14.756912687601162,12.591620853417874,14.404805376525326,2025-11-03
DAY,1741737600,267,cadli,DOGE-USD,14.404805376525326,15.162811293114606,13.977662576217298,15.100016828963698,2025-12-03
DAY,1743465600,267,cadli,DOGE-USD,14.581454536386545,15.36582122379688,14.528821235889112,15.22199372795394,2025-01-04
DAY,1743552000,267,cadli,DOGE-USD,15.22199372795394,15.648410160112933,14.186561753822271,14.33227233644825,2025-02-04
DAY,1743638400,267,cadli,DOGE-USD,14.33227233644825,14.642074618268412,13.61088163009608,14.201287244410343,2025-03-04
DAY,1743724800,267,cadli,DOGE-USD,14.201287244410343,15.10533609926049,14.01555154817961,14.973741949311483,2025-04-04
DAY,1743811200,267,cadli,DOGE-USD,14.973741949311483,15.006308372869764,14.532896161142157,14.78125288702702,2025-05-04
DAY,1743897600,267,cadli,DOGE-USD,14.78125288702702,14.867789892876528,12.763275670050652,13.04511279352335,2025-06-04
DAY,1743984000,267,cadli,DOGE-USD,13.04511279352335,13.415516521744877,11.422337824762014,13.07893831249121,2025-07-04
DAY,1744070400,267,cadli,DOGE-USD,13.07893831249121,13.728311232142724,12.345769981686717,12.432946202358892,2025-08-04
DAY,1744156800,267,cadli,DOGE-USD,12.432946202358892,14.36812466489031,11.947576069533696,14.027118482926234,2025-09-04
DAY,1744243200,267,cadli,DOGE-USD,14.027118482926234,14.03575844741124,13.038878590612564,13.4368095991286,2025-10-04
DAY,1744329600,267,cadli,DOGE-USD,13.4368095991286,14.215146850181638,13.420595236406127,14.009912270135372,2025-11-04
DAY,1744416000,267,cadli,DOGE-USD,14.009912270135372,14.835691966627472,13.822454403622585,14.677383975555289,2025-12-04
DAY,1746057600,267,cadli,DOGE-USD,15.076837268424628,16.03506562983198,15.065048057227182,15.802758876322384,2025-01-05
DAY,1746144000,267,cadli,DOGE-USD,15.802758876322384,16.124063684736363,15.693541608018757,15.892572393522965,2025-02-05
DAY,1746230400,267,cadli,DOGE-USD,15.892572393522965,15.946966409135609,15.340247654802752,15.36750106831628,2025-03-05
DAY,1746316800,267,cadli,DOGE-USD,15.36750106831628,15.51825322631951,14.917651319915985,14.95861627496447,2025-04-05
DAY,1746403200,267,cadli,DOGE-USD,14.95861627496447,15.319778443831911,14.770474127330344,14.961194750736333,2025-05-05
DAY,1746489600,267,cadli,DOGE-USD,14.961194750736333,15.10979438802876,14.39916108034942,15.081536708245968,2025-06-05
DAY,1746576000,267,cadli,DOGE-USD,15.081536708245968,15.26465763064083,14.80345741364104,15.055789414018047,2025-07-05
DAY,1746662400,267,cadli,DOGE-USD,15.055789414018047,17.330353126403207,15.03316233350155,17.318094929301417,2025-08-05
DAY,1746748800,267,cadli,DOGE-USD,17.318094929301417,18.72024160199468,16.884207967239576,17.95053666665288,2025-09-05
DAY,1746835200,267,cadli,DOGE-USD,17.95053666665288,21.89578119001995,17.792288269072166,21.890640424400694,2025-10-05
DAY,1746921600,267,cadli,DOGE-USD,21.890640424400694,22.648902690234344,19.454238393432117,20.265867642018566,2025-11-05
DAY,1747008000,267,cadli,DOGE-USD,20.265867642018566,22.073032673253454,19.34257793726494,20.192531684978523,2025-12-05
DAY,1748736000,267,cadli,DOGE-USD,16.835358391770022,17.03782292186615,16.320943524081994,16.933638360108688,2025-01-06
DAY,1748822400,267,cadli,DOGE-USD,16.933638360108688,17.18260911933839,16.521328650404488,17.078551717397726,2025-02-06
DAY,1748908800,267,cadli,DOGE-USD,17.078551717397726,17.547851539496275,16.786998228902814,16.90698295000543,2025-03-06
DAY,1748995200,267,cadli,DOGE-USD,16.90698295000543,17.247677186727525,16.396186157085786,16.473354769174147,2025-04-06
DAY,1749081600,267,cadli,DOGE-USD,16.473354769174147,16.85424889141126,14.757277141958651,14.998443973267666,2025-05-06
DAY,1749168000,267,cadli,DOGE-USD,14.998443973267666,16.141171830940394,14.86774689486373,15.660636413014682,2025-06-06
DAY,1749254400,267,cadli,DOGE-USD,15.660636413014682,16.520011450078915,15.578353015095718,16.190173492544226,2025-07-06
DAY,1749340800,267,cadli,DOGE-USD,16.190173492544226,16.35053926918298,15.811374283394414,16.12194154516972,2025-08-06
DAY,1749427200,267,cadli,DOGE-USD,16.12194154516972,17.11341109396411,15.78404484670923,17.04860426748597,2025-09-06
DAY,1749513600,267,cadli,DOGE-USD,17.04860426748597,17.355578583611337,16.54475629595365,17.353511184314353,2025-10-06
DAY,1749600000,267,cadli,DOGE-USD,17.353511184314353,18.015924255046016,16.741544665950133,16.880279309922283,2025-11-06
DAY,1749686400,267,cadli,DOGE-USD,16.880279309922283,16.939315838164784,15.773549544871534,15.897119004087289,2025-12-06
DAY,1751328000,267,cadli,DOGE-USD,14.450671478371728,14.544565624017494,13.736202825170375,13.811306276337366,2025-01-07
DAY,1751414400,267,cadli,DOGE-USD,13.811306276337366,15.089871331906783,13.716654736548644,14.75202014302521,2025-02-07
DAY,1751500800,267,cadli,DOGE-USD,14.75202014302521,15.329034208446677,14.656693861091943,15.041646830958571,2025-03-07
DAY,1751587200,267,cadli,DOGE-USD,15.041646830958571,15.11532805543684,14.119479892683762,14.247721110055148,2025-04-07
DAY,1751673600,267,cadli,DOGE-USD,14.247721110055148,14.43360808312358,14.17848778451647,14.359793855491152,2025-05-07
DAY,1751760000,267,cadli,DOGE-USD,14.359793855491152,15.292475530926415,14.266286288458012,15.034053783359084,2025-06-07
DAY,1751846400,267,cadli,DOGE-USD,15.034053783359084,15.464244820201396,14.490346955557031,14.679475047052843,2025-07-07
DAY,1751932800,267,cadli,DOGE-USD,14.679475047052843,15.023921793020843,14.51220879260384,14.939612709424136,2025-08-07
DAY,1752019200,267,cadli,DOGE-USD,14.939612709424136,16.248206996907292,14.859375040605098,15.775480352238946,2025-09-07
DAY,1752105600,267,cadli,DOGE-USD,15.775480352238946,17.13101484260981,15.623214603696397,17.02916754470692,2025-10-07
DAY,1752192000,267,cadli,DOGE-USD,17.02916754470692,18.62822110696426,16.700469618544936,17.539408968117502,2025-11-07
DAY,1752278400,267,cadli,DOGE-USD,17.539408968117502,18.008634052289263,16.770832323292613,17.234857303377687,2025-12-07
DAY,1754006400,267,cadli,DOGE-USD,18.34366521453665,18.56436655978311,17.16766559715785,17.573665306543624,2025-01-08
DAY,1754092800,267,cadli,DOGE-USD,17.573665306543624,17.786996098272173,16.58402622053767,16.708461923893598,2025-02-08
DAY,1754179200,267,cadli,DOGE-USD,16.708461923893598,17.534846650387344,16.507850889148166,17.400945923777957,2025-03-08
DAY,1754265600,267,cadli,DOGE-USD,17.400945923777957,18.476684339899958,17.375850627628854,18.402397477511386,2025-04-08
DAY,1754352000,267,cadli,DOGE-USD,18.402397477511386,18.46064135694511,17.16709839330838,17.485304977801093,2025-05-08
DAY,1754438400,267,cadli,DOGE-USD,17.485304977801093,18.11902073061308,17.116281730661036,17.958276103182676,2025-06-08
DAY,1754524800,267,cadli,DOGE-USD,17.958276103182676,19.49214906246807,17.79483844527825,19.424551973869484,2025-07-08
DAY,1754611200,267,cadli,DOGE-USD,19.424551973869484,20.302888934963494,19.198390267812872,20.11597916129971,2025-08-08
DAY,1754697600,267,cadli,DOGE-USD,20.11597916129971,21.545240037857425,20.07627077022605,20.970417127114278,2025-09-08
DAY,1754784000,267,cadli,DOGE-USD,20.970417127114278,21.2614360795224,20.0555939257296,20.431067159375377,2025-10-08
DAY,1754870400,267,cadli,DOGE-USD,20.431067159375377,21.103797988336485,19.33981655936588,19.41190220657764,2025-11-08
DAY,1754956800,267,cadli,DOGE-USD,19.41190220657764,20.803705187545408,19.14344851688397,20.596405622174277,2025-12-08
DAY,1515196800,267,cadli,DOGE-USD,1.1559335659738494,1.4257757366615214,1.121974164926194,1.3108505775402517,2018-06-01
DAY,1515283200,267,cadli,DOGE-USD,1.3108505775402517,1.6933116385407367,1.2623239565911002,1.5422690545568358,2018-07-01
DAY,1515369600,267,cadli,DOGE-USD,1.5422690545568358,1.6034843441207571,1.1752617616518604,1.3285509709443315,2018-08-01
DAY,1515456000,267,cadli,DOGE-USD,1.3285509709443315,1.4287178572776913,1.1151404450290967,1.188409448320655,2018-09-01
