coin,timestamp,open,high,low,close,volume_from,volume_to
BTC,2025-07-23 13:00:00,118044.54,118262.5,117379.76,117431.66,2155.13,253878197.74
BTC,2025-07-23 14:00:00,117431.66,118267.57,117361.89,118267.57,1328.31,156600295.28
BTC,2025-07-23 15:00:00,118267.57,118787.56,117892.73,118649.4,786.24,92999810.47
BTC,2025-07-23 16:00:00,118649.4,118649.58,117614.31,117783.8,1217.33,143599200.43
BTC,2025-07-23 17:00:00,117783.8,118202.88,117390.03,118193.56,1561.72,183939577.92
BTC,2025-07-23 18:00:00,118193.56,118447.66,118063.5,118444.24,1040.72,123087851.02
BTC,2025-07-23 19:00:00,118444.24,118538.7,118299.54,118454.26,1105.11,130855069.94
BTC,2025-07-23 20:00:00,118454.26,118562.78,117618.95,117960.88,1003.94,118571824.94
BTC,2025-07-23 21:00:00,117960.88,118226.36,117434.42,118224.43,757.3,89194001.51
BTC,2025-07-23 22:00:00,118224.43,118680.12,118001.14,118625.32,464.91,55060798.87
BTC,2025-07-23 23:00:00,118625.32,118820.26,118500.1,118808.78,381.94,45329636.06
BTC,2025-07-24 00:00:00,118808.78,119183.11,118642.46,119111.15,724.71,86199999.2
BTC,2025-07-24 01:00:00,119111.15,119164.63,118856.79,119153.04,420.59,50056844.65
BTC,2025-07-24 02:00:00,119153.04,119153.6,118867.78,119018.91,387.94,46156843.77
BTC,2025-07-24 03:00:00,119018.91,119328.69,118553.35,118574.42,428.32,50969489.87
BTC,2025-07-24 04:00:00,118574.42,118652.31,117907.93,118029.63,449.84,53211208.07
BTC,2025-07-24 05:00:00,118029.63,118032.25,117575.75,117674.27,534.11,62906884.32
BTC,2025-07-24 06:00:00,117674.27,117928.09,117470.1,117541.67,518.79,61053974.7
BTC,2025-07-24 07:00:00,117541.67,118533.66,117214.42,118477.96,676.42,79697571.02
BTC,2025-07-24 08:00:00,118477.96,118863.88,118304.37,118843.87,385.41,45745660.63
BTC,2025-07-24 09:00:00,118843.87,118889.2,118370.47,118559.76,634.2,75213191.49
BTC,2025-07-24 10:00:00,118559.76,118713.73,118031.16,118456.17,440.04,52076930.55
BTC,2025-07-24 11:00:00,118456.17,118797.31,118391.83,118669.42,364.15,43213303.77
BTC,2025-07-24 12:00:00,118669.42,118792.66,118359.87,118597.93,671.27,79583351.36
BTC,2025-07-24 13:00:00,118597.93,118785.99,118280.73,118292.49,944.41,112051563.41
BTC,2025-07-24 14:00:00,118292.49,119198.99,117898.69,119140.32,1578.03,186911461.48
BTC,2025-07-24 15:00:00,119140.32,119555.88,118688.82,119164.39,1511.37,180102389.33
BTC,2025-07-24 16:00:00,119164.39,119272.97,118433.41,118592.04,1240.54,147372217.36
BTC,2025-07-24 17:00:00,118592.04,119396.61,118548.57,119202.67,957.85,114094908.74
BTC,2025-07-24 18:00:00,119202.67,119486.26,119046.35,119123.37,912.58,108839028.09
BTC,2025-07-24 19:00:00,119123.37,119440.34,118978.24,119028.9,775.97,92505035.52
BTC,2025-07-24 20:00:00,119028.9,119081.51,118774.23,118781.46,1226.37,145807636.45
BTC,2025-07-24 21:00:00,118781.46,118849.29,118551.42,118594.22,679.22,80620125.71
BTC,2025-07-24 22:00:00,118594.22,118701.88,118253.16,118350.9,762.6,90358025.49
BTC,2025-07-24 23:00:00,118350.9,118520.6,118248.1,118397.33,705.98,83592435.84
BTC,2025-07-25 00:00:00,118397.33,118523.27,117707.37,117721.99,1431.73,168917666.85
BTC,2025-07-25 01:00:00,117721.99,117844.88,117256.83,117406.6,3247.31,381528833.95
BTC,2025-07-25 02:00:00,117406.6,117429.98,116406.43,116410.62,2109.97,246744119.14
BTC,2025-07-25 03:00:00,116410.62,116466.78,115376.45,115421.46,3329.87,385629827.51
BTC,2025-07-25 04:00:00,115421.46,116172.05,115124.89,116136.75,4796.57,554250653.58
BTC,2025-07-25 05:00:00,116136.75,116136.8,115325.46,115561.57,2011.12,232666299.09
BTC,2025-07-25 06:00:00,115561.57,115566.7,115248.51,115336.19,1214.76,140191185.16
BTC,2025-07-25 07:00:00,115336.19,115990.0,114756.37,115339.08,1800.45,207449991.11
BTC,2025-07-25 08:00:00,115339.08,115999.81,115040.6,115186.64,2991.64,345419837.07
BTC,2025-07-25 09:00:00,115186.64,116067.8,114999.97,116057.61,1952.85,225209555.89
BTC,2025-07-25 10:00:00,116057.61,116517.41,116009.92,116327.73,685.13,79668790.76
BTC,2025-07-25 11:00:00,116327.73,116803.05,116327.68,116532.27,2123.92,247626095.34
BTC,2025-07-25 12:00:00,116532.27,116654.84,115965.73,116119.32,1857.81,216086984.62
BTC,2025-07-25 13:00:00,116119.32,116641.78,115572.14,116246.45,2408.31,279397312.2
BTC,2025-07-25 14:00:00,116246.45,116310.74,114894.96,114958.64,4252.81,490964528.27
BTC,2025-07-25 15:00:00,114958.64,115870.67,114915.98,115744.25,2070.0,238905283.56
BTC,2025-07-25 16:00:00,115744.25,116219.49,115471.59,116208.67,1597.1,185059426.17
BTC,2025-07-25 17:00:00,116208.67,116391.34,115899.86,116079.62,1481.0,172098592.6
BTC,2025-07-25 18:00:00,116079.62,116619.76,116075.96,116533.96,973.68,113360313.21
BTC,2025-07-25 19:00:00,116533.96,117055.67,116448.42,116733.21,2152.92,251435815.57
BTC,2025-07-25 20:00:00,116733.21,117345.68,116612.66,117102.66,1303.76,152509717.57
BTC,2025-07-25 21:00:00,117102.66,117418.79,116988.13,117245.85,921.18,107997718.42
BTC,2025-07-25 22:00:00,117245.85,117402.62,117145.63,117311.15,512.97,60154444.85
BTC,2025-07-25 23:00:00,117311.15,117688.96,117214.59,117644.11,541.09,63545219.4
BTC,2025-07-26 00:00:00,117644.11,117653.82,117370.11,117536.52,639.82,75189625.03
BTC,2025-07-26 01:00:00,117536.52,117609.19,117143.68,117200.16,605.83,71128529.26
BTC,2025-07-26 02:00:00,117200.16,117793.27,117200.15,117517.22,645.49,75864423.36
BTC,2025-07-26 03:00:00,117517.22,117658.1,117513.34,117533.67,504.35,59309289.89
BTC,2025-07-26 04:00:00,117533.67,117603.48,117463.48,117547.81,460.81,54167129.6
BTC,2025-07-26 05:00:00,117547.81,117621.91,117473.13,117503.6,362.97,42662882.91
BTC,2025-07-26 06:00:00,117503.6,117540.01,117378.75,117409.02,407.95,47913023.15
BTC,2025-07-26 07:00:00,117409.02,117450.81,117369.49,117373.78,403.67,47395531.58
BTC,2025-07-26 08:00:00,117373.78,117681.88,117372.08,117619.68,477.49,56110110.75
BTC,2025-07-26 09:00:00,117619.68,117673.49,117500.71,117635.35,377.53,44395451.89
BTC,2025-07-26 10:00:00,117635.35,118257.21,117583.6,118028.09,751.29,88606850.86
BTC,2025-07-26 11:00:00,118028.09,118125.12,117830.04,117836.12,468.26,55244291.44
BTC,2025-07-26 12:00:00,117836.12,118068.95,117822.77,117968.65,445.29,52524202.45
BTC,2025-07-26 13:00:00,117968.65,118295.53,117902.98,118185.27,594.84,70292240.71
BTC,2025-07-26 14:00:00,118185.27,118286.45,118023.71,118124.92,492.37,58182940.0
BTC,2025-07-26 15:00:00,118124.92,118207.95,117891.27,118177.9,491.74,58045893.89
BTC,2025-07-26 16:00:00,118177.9,118267.67,118060.03,118118.05,481.29,56870878.7
BTC,2025-07-26 17:00:00,118118.05,118155.56,118035.2,118077.21,346.8,40953813.8
BTC,2025-07-26 18:00:00,118077.21,118180.0,117994.34,118147.63,354.49,41868807.14
BTC,2025-07-26 19:00:00,118147.63,118355.11,118089.71,118279.71,342.11,40439209.09
BTC,2025-07-26 20:00:00,118279.71,118280.5,117928.33,118002.27,356.47,42087659.74
BTC,2025-07-26 21:00:00,118002.27,118134.0,117936.63,118088.13,316.62,37368511.59
BTC,2025-07-26 22:00:00,118088.13,118330.4,118026.69,118062.3,358.73,42384768.98
BTC,2025-07-26 23:00:00,118062.3,118121.31,117935.0,117971.27,273.61,32290732.71
BTC,2025-07-27 00:00:00,117971.27,118018.13,117872.15,117996.71,283.33,33417227.28
BTC,2025-07-27 01:00:00,117996.71,118270.42,117963.08,118149.53,333.36,39390147.72
BTC,2025-07-27 02:00:00,118149.53,118428.33,118071.25,118371.68,365.0,43174075.85
BTC,2025-07-27 03:00:00,118371.68,118390.42,118138.15,118231.62,365.23,43187230.71
BTC,2025-07-27 04:00:00,118231.62,118321.82,118197.58,118261.59,233.13,27571420.74
BTC,2025-07-27 05:00:00,118261.59,118362.1,118209.49,118334.75,189.48,22413577.09
BTC,2025-07-27 06:00:00,118334.75,118494.37,118255.51,118329.12,253.27,29977562.87
BTC,2025-07-27 07:00:00,118329.12,118329.34,118131.87,118168.76,228.2,26979497.76
BTC,2025-07-27 08:00:00,118168.76,118212.71,117991.22,117999.2,363.5,42922666.74
BTC,2025-07-27 09:00:00,117999.2,118052.98,117878.7,117987.42,305.21,35994518.49
BTC,2025-07-27 10:00:00,117987.42,118351.01,117987.35,118245.8,247.43,29254379.45
BTC,2025-07-27 11:00:00,118245.8,118335.84,118099.35,118131.77,277.35,32788738.88
BTC,2025-07-27 12:00:00,118131.77,118202.53,117941.19,118157.69,362.47,42797275.38
BTC,2025-07-27 13:00:00,118157.69,118293.56,118138.32,118267.25,279.86,33086476.75
BTC,2025-07-27 14:00:00,118267.25,118540.54,118212.03,118461.07,632.99,74955309.91
BTC,2025-07-27 15:00:00,118461.07,118642.53,118292.49,118622.93,511.22,60570779.72
BTC,2025-07-27 16:00:00,118622.93,119567.99,118622.85,119101.81,1551.38,184941752.88
BTC,2025-07-27 17:00:00,119101.81,119368.08,118885.34,119239.58,623.74,74297752.4
BTC,2025-07-27 18:00:00,119239.58,119427.41,118992.55,119069.21,527.19,62849164.53
BTC,2025-07-27 19:00:00,119069.21,119120.22,118937.67,119013.05,157.86,18788877.81
BTC,2025-07-27 20:00:00,119013.05,119216.76,118773.54,118799.08,512.97,61033087.68
BTC,2025-07-27 21:00:00,118799.08,119305.33,118772.76,119302.52,234.65,27923740.83
BTC,2025-07-27 22:00:00,119302.52,119808.28,119260.01,119553.65,1019.69,122008610.34
BTC,2025-07-27 23:00:00,119553.65,119583.76,119192.51,119468.71,483.15,57700936.38
BTC,2025-07-28 00:00:00,119468.71,119722.7,119167.24,119280.56,580.89,69402588.38
BTC,2025-07-28 01:00:00,119280.56,119514.37,118989.54,119062.62,574.34,68470876.29
BTC,2025-07-28 02:00:00,119062.62,119835.44,119051.17,119460.6,554.8,66306427.22
BTC,2025-07-28 03:00:00,119460.6,119547.16,119255.27,119308.83,247.2,29508104.23
BTC,2025-07-28 04:00:00,119308.83,119425.64,119151.95,119238.81,239.83,28607981.76
BTC,2025-07-28 05:00:00,119238.81,119708.07,119169.68,119558.44,436.52,52144873.29
BTC,2025-07-28 06:00:00,119558.44,119630.6,119467.15,119487.51,299.85,35836398.85
BTC,2025-07-28 07:00:00,119487.51,119493.52,118784.32,118907.13,748.75,89099530.24
BTC,2025-07-28 08:00:00,118907.13,119116.26,118786.1,119087.09,343.74,40883942.84
BTC,2025-07-28 09:00:00,119087.09,119087.87,118731.77,118954.1,275.22,32731968.22
BTC,2025-07-28 10:00:00,118954.1,118977.32,118655.73,118786.44,286.49,34040627.0
BTC,2025-07-28 11:00:00,118786.44,118880.79,118495.54,118839.27,648.86,76989520.04
BTC,2025-07-28 12:00:00,118839.27,119137.58,118712.26,118861.03,1104.63,131379486.66
BTC,2025-07-28 13:00:00,118861.03,119107.91,118255.87,118438.78,1514.08,179609716.51
BTC,2025-07-28 14:00:00,118438.78,118693.13,117909.98,117987.73,1875.41,221592390.44
BTC,2025-07-28 15:00:00,117987.73,118503.3,117910.93,118174.21,732.82,86615718.35
BTC,2025-07-28 16:00:00,118174.21,118379.65,118010.91,118023.57,675.23,79794212.39
BTC,2025-07-28 17:00:00,118023.57,118116.8,117651.41,117679.87,1252.45,147610541.87
BTC,2025-07-28 18:00:00,117679.87,117852.3,117403.28,117778.51,1462.76,172034299.92
BTC,2025-07-28 19:00:00,117778.51,118248.96,117547.68,118069.5,1219.88,143918675.66
BTC,2025-07-28 20:00:00,118069.5,118149.42,117503.75,118044.25,1097.68,129334772.62
BTC,2025-07-28 21:00:00,118044.25,118344.12,117957.26,118119.29,614.55,72592703.02
BTC,2025-07-28 22:00:00,118119.29,118272.84,117782.08,117871.28,770.6,90971254.91
BTC,2025-07-28 23:00:00,117871.28,118191.26,117827.01,118059.92,536.03,63263851.72
BTC,2025-07-29 00:00:00,118059.92,118458.89,117566.13,117991.81,899.6,106200326.65
BTC,2025-07-29 01:00:00,117991.81,118263.26,117795.42,117795.42,343.39,40551032.99
BTC,2025-07-29 02:00:00,117795.42,118118.19,117487.95,118101.56,625.79,73733956.74
BTC,2025-07-29 03:00:00,118101.56,118809.83,118101.56,118766.24,683.51,80970103.74
BTC,2025-07-29 04:00:00,118766.24,118806.31,118426.08,118537.0,361.55,42900466.68
BTC,2025-07-29 05:00:00,118537.0,118869.18,118531.14,118818.96,249.24,29587440.97
BTC,2025-07-29 06:00:00,118818.96,119082.78,118752.64,118772.43,366.76,43616819.12
BTC,2025-07-29 07:00:00,118772.43,119285.96,118770.56,118896.61,378.85,45077356.64
BTC,2025-07-29 08:00:00,118896.61,119062.61,118767.85,118926.4,234.23,27856824.89
BTC,2025-07-29 09:00:00,118926.4,119000.17,118765.18,118790.67,247.21,29384245.5
BTC,2025-07-29 10:00:00,118790.67,118835.67,118311.18,118329.52,440.64,52261401.22
BTC,2025-07-29 11:00:00,118329.52,118609.15,118172.49,118604.76,304.16,36008467.18
BTC,2025-07-29 12:00:00,118604.76,119077.27,118471.12,118896.14,673.76,80073477.28
BTC,2025-07-29 13:00:00,118896.14,119026.51,118535.13,118608.86,1160.39,137846330.99
BTC,2025-07-29 14:00:00,118608.86,118624.27,117710.49,117817.61,1339.43,158254102.92
BTC,2025-07-29 15:00:00,117817.61,117952.21,117253.47,117374.64,1900.95,223440308.67
BTC,2025-07-29 16:00:00,117374.64,117732.91,116933.73,117715.98,2222.05,260664301.74
BTC,2025-07-29 17:00:00,117715.98,118042.59,117624.98,117765.28,891.6,105052891.8
BTC,2025-07-29 18:00:00,117765.28,117817.23,117466.54,117590.52,695.35,81815362.66
BTC,2025-07-29 19:00:00,117590.52,117988.36,117395.3,117500.38,1112.82,130894479.68
BTC,2025-07-29 20:00:00,117500.38,117840.83,117071.56,117470.8,1334.07,156573855.56
BTC,2025-07-29 21:00:00,117470.8,117672.73,117167.95,117586.17,488.72,57351973.88
BTC,2025-07-29 22:00:00,117586.17,117852.77,117435.56,117833.31,347.95,40932743.07
BTC,2025-07-29 23:00:00,117833.31,117983.29,117726.75,117942.11,278.05,32772174.61
BTC,2025-07-30 00:00:00,117942.11,117992.9,117536.48,117745.95,432.23,50891158.73
BTC,2025-07-30 01:00:00,117745.95,118003.07,117423.09,117850.35,385.31,45363176.47
BTC,2025-07-30 02:00:00,117850.35,118113.97,117793.75,118025.53,394.76,46577906.43
BTC,2025-07-30 03:00:00,118025.53,118252.67,117917.02,118159.52,321.5,37956601.75
BTC,2025-07-30 04:00:00,118159.52,118266.56,117969.68,118007.14,193.16,22816545.94
BTC,2025-07-30 05:00:00,118007.14,118080.98,117682.7,117989.43,188.43,22213054.68
BTC,2025-07-30 06:00:00,117989.43,118327.19,117988.04,118284.91,195.06,23048928.04
BTC,2025-07-30 07:00:00,118284.91,118418.23,118122.88,118130.93,218.03,25786156.92
BTC,2025-07-30 08:00:00,118130.93,118484.23,117971.06,118385.25,253.44,29965190.22
BTC,2025-07-30 09:00:00,118385.25,118429.3,118010.47,118175.2,217.71,25728352.68
BTC,2025-07-30 10:00:00,118175.2,118430.14,117953.1,118023.5,296.45,35056089.85
BTC,2025-07-30 11:00:00,118023.5,118192.44,117361.12,117573.56,518.43,61058191.25
BTC,2025-07-30 12:00:00,117573.56,117917.79,117364.34,117745.95,855.37,100655767.37
BTC,2025-07-30 13:00:00,117745.95,117885.06,117405.73,117683.7,1451.8,170772813.67
BTC,2025-07-30 14:00:00,117683.7,118742.89,117629.68,118727.95,1457.13,172192077.07
BTC,2025-07-30 15:00:00,118727.95,118800.1,117845.16,118003.17,1048.07,124045173.77
BTC,2025-07-30 16:00:00,118003.17,118022.6,117645.42,117750.89,693.52,81714296.36
BTC,2025-07-30 17:00:00,117750.89,117960.84,117672.29,117809.08,512.2,60340627.76
BTC,2025-07-30 18:00:00,117809.08,118046.55,116493.45,116513.93,2219.09,260206844.91
BTC,2025-07-30 19:00:00,116513.93,117113.48,115769.47,116916.96,3650.43,424501482.99
BTC,2025-07-30 20:00:00,116916.96,117326.17,116879.92,117159.94,1022.69,119797689.77
BTC,2025-07-30 21:00:00,117159.94,117357.26,116959.07,117349.74,536.53,62853247.95
BTC,2025-07-30 22:00:00,117349.74,117523.7,117265.18,117518.18,572.46,67209649.04
BTC,2025-07-30 23:00:00,117518.18,117934.12,117474.91,117853.3,701.55,82573986.85
BTC,2025-07-31 00:00:00,117853.3,118543.83,117795.68,118415.49,882.52,104280361.13
BTC,2025-07-31 01:00:00,118415.49,118468.99,117993.45,118056.74,489.2,57863509.9
BTC,2025-07-31 02:00:00,118056.74,118508.5,117976.99,118448.01,446.76,52830895.31
BTC,2025-07-31 03:00:00,118448.01,118624.2,118390.16,118477.24,366.49,43416055.91
BTC,2025-07-31 04:00:00,118477.24,118560.48,118376.0,118515.0,182.96,21676394.18
BTC,2025-07-31 05:00:00,118515.0,118546.3,118340.28,118364.67,192.45,22788988.02
BTC,2025-07-31 06:00:00,118364.67,118737.05,118289.37,118698.57,236.78,28057605.94
BTC,2025-07-31 07:00:00,118698.57,118927.15,118613.14,118682.83,310.08,36824889.82
BTC,2025-07-31 08:00:00,118682.83,118770.42,118574.85,118596.36,166.79,19792285.2
BTC,2025-07-31 09:00:00,118596.36,118622.43,118468.76,118603.08,152.87,18120750.27
BTC,2025-07-31 10:00:00,118603.08,118716.01,118432.48,118509.99,222.5,26377646.63
BTC,2025-07-31 11:00:00,118509.99,118555.93,118289.45,118361.32,214.65,25420410.54
BTC,2025-07-31 12:00:00,118361.32,118635.75,118271.17,118613.59,403.98,47844011.94
BTC,2025-07-31 13:00:00,118613.59,118699.49,117812.06,118574.43,1282.16,151656569.29
BTC,2025-07-31 14:00:00,118574.43,118661.15,117891.74,117909.77,1356.77,160316658.84
BTC,2025-07-31 15:00:00,117909.77,118350.51,117877.58,118292.58,949.77,112206973.35
BTC,2025-07-31 16:00:00,118292.58,118885.26,118223.15,118530.87,943.54,111855698.89
BTC,2025-07-31 17:00:00,118530.87,118547.4,117708.66,117742.21,1141.82,134743744.64
BTC,2025-07-31 18:00:00,117742.21,117990.07,117396.86,117651.44,969.93,114160520.59
BTC,2025-07-31 19:00:00,117651.44,117741.21,116742.03,116766.79,1429.5,167429796.51
BTC,2025-07-31 20:00:00,116766.79,116955.11,116433.84,116498.83,1403.42,163682243.14
BTC,2025-07-31 21:00:00,116498.83,116895.1,116233.7,116531.72,688.71,80269365.18
BTC,2025-07-31 22:00:00,116531.72,116536.51,116012.14,116016.4,857.0,99595460.44
BTC,2025-07-31 23:00:00,116016.4,116380.67,115493.77,115765.36,1644.25,190637964.41
BTC,2025-08-01 00:00:00,115765.36,115932.2,114305.92,115430.41,2847.9,328146854.29
BTC,2025-08-01 01:00:00,115430.41,115612.33,114616.47,115325.78,2168.93,249695153.6
BTC,2025-08-01 02:00:00,115325.78,116017.2,115231.25,115970.43,911.25,105406618.72
BTC,2025-08-01 03:00:00,115970.43,116060.68,115617.25,115651.98,415.95,48198426.98
BTC,2025-08-01 04:00:00,115651.98,115698.2,115277.32,115694.27,558.15,64476240.83
BTC,2025-08-01 05:00:00,115694.27,115914.69,115389.43,115576.03,407.17,47097640.26
BTC,2025-08-01 06:00:00,115576.03,115656.42,115063.77,115156.3,453.9,52327700.91
BTC,2025-08-01 07:00:00,115156.3,115296.46,114620.66,115043.81,570.23,65507042.93
BTC,2025-08-01 08:00:00,115043.81,115043.9,114101.57,114598.18,1025.62,117468626.29
BTC,2025-08-01 09:00:00,114598.18,115321.1,114536.55,114945.23,678.59,78076530.56
BTC,2025-08-01 10:00:00,114945.23,115191.17,114692.03,114739.18,576.86,66295426.7
BTC,2025-08-01 11:00:00,114739.18,115320.6,114587.65,115276.3,632.11,72667857.43
BTC,2025-08-01 12:00:00,115276.3,115892.34,115163.73,115721.52,1231.99,142419761.3
BTC,2025-08-01 13:00:00,115721.52,116001.7,114145.24,114317.61,2681.88,308675257.13
BTC,2025-08-01 14:00:00,114317.61,115819.31,113938.66,115598.48,3283.66,378109766.82
BTC,2025-08-01 15:00:00,115598.48,115620.41,114657.84,115339.78,1698.68,195459320.69
BTC,2025-08-01 16:00:00,115339.78,115690.96,114795.04,114967.71,1274.57,146985290.58
BTC,2025-08-01 17:00:00,114967.71,115049.75,114308.69,114386.96,2028.96,232558895.96
BTC,2025-08-01 18:00:00,114386.96,114460.48,113634.53,113785.95,2915.3,332423883.72
BTC,2025-08-01 19:00:00,113785.95,113871.12,113173.57,113259.21,2916.04,330922743.59
BTC,2025-08-01 20:00:00,113259.21,113941.35,113106.92,113910.68,1321.14,149884655.36
BTC,2025-08-01 21:00:00,113910.68,114051.48,113669.03,113842.5,660.17,75192457.78
BTC,2025-08-01 22:00:00,113842.5,113963.77,112682.82,113089.27,1548.87,175292951.06
BTC,2025-08-01 23:00:00,113089.27,113506.69,112873.78,113263.48,780.93,88430125.24
BTC,2025-08-02 00:00:00,113263.48,113811.52,113159.75,113793.04,781.48,88687164.51
BTC,2025-08-02 01:00:00,113793.04,113879.25,113403.28,113632.16,447.5,50860936.39
BTC,2025-08-02 02:00:00,113632.16,113734.34,113507.96,113677.34,278.18,31614003.32
BTC,2025-08-02 03:00:00,113677.34,113891.11,113676.16,113891.11,303.29,34519458.24
BTC,2025-08-02 04:00:00,113891.11,114031.97,113797.74,114008.23,246.63,28101323.16
BTC,2025-08-02 05:00:00,114008.23,114033.98,113846.02,113964.26,170.36,19415511.42
BTC,2025-08-02 06:00:00,113964.26,113971.52,113451.66,113684.91,300.85,34195359.4
BTC,2025-08-02 07:00:00,113684.91,114002.86,113548.63,113967.24,212.78,24216913.16
BTC,2025-08-02 08:00:00,113967.24,114026.8,113673.26,113674.19,274.77,31276835.01
BTC,2025-08-02 09:00:00,113674.19,113833.81,113563.57,113669.34,260.36,29600207.5
BTC,2025-08-02 10:00:00,113669.34,113693.73,113422.45,113549.21,293.48,33326734.08
BTC,2025-08-02 11:00:00,113549.21,113901.27,113441.88,113776.57,312.63,35559025.14
BTC,2025-08-02 12:00:00,113776.57,113783.11,113563.26,113621.1,259.11,29457728.75
BTC,2025-08-02 13:00:00,113621.1,113634.74,113213.92,113452.58,428.64,48618992.84
BTC,2025-08-02 14:00:00,113452.58,113522.78,112930.82,113100.22,634.07,71750542.3
BTC,2025-08-02 15:00:00,113100.22,113414.7,112808.25,112827.61,578.68,65430326.18
BTC,2025-08-02 16:00:00,112827.61,113238.25,112711.02,113176.14,912.3,102976433.59
BTC,2025-08-02 17:00:00,113176.14,113410.24,112569.25,112711.42,637.4,72050585.6
BTC,2025-08-02 18:00:00,112711.42,112899.13,112063.12,112308.18,1519.67,170896678.96
BTC,2025-08-02 19:00:00,112308.18,112917.81,112006.36,112215.15,1278.13,143687660.77
BTC,2025-08-02 20:00:00,112215.15,112768.94,112063.27,112768.94,865.91,97263989.76
BTC,2025-08-02 21:00:00,112768.94,113053.01,112549.33,112856.35,548.22,61804572.27
BTC,2025-08-02 22:00:00,112856.35,113007.1,112545.03,112857.07,340.78,38436424.85
BTC,2025-08-02 23:00:00,112857.07,112860.07,112285.48,112546.32,567.35,63862241.82
BTC,2025-08-03 00:00:00,112546.32,112973.8,111925.95,112931.34,1011.55,113801603.52
BTC,2025-08-03 01:00:00,112931.34,113244.08,112832.97,113093.29,601.6,68011752.4
BTC,2025-08-03 02:00:00,113093.29,113511.62,113086.82,113509.4,399.08,45234382.48
BTC,2025-08-03 03:00:00,113509.4,113729.62,113429.55,113602.97,338.95,38489980.27
BTC,2025-08-03 04:00:00,113602.97,113603.14,113348.96,113469.01,190.6,21627461.8
BTC,2025-08-03 05:00:00,113469.01,113665.86,113421.05,113625.51,127.69,14502617.06
BTC,2025-08-03 06:00:00,113625.51,113644.94,113490.17,113559.05,83.65,9502150.06
BTC,2025-08-03 07:00:00,113559.05,113723.09,113558.9,113710.39,120.25,13670910.82
BTC,2025-08-03 08:00:00,113710.39,113809.4,113560.3,113693.09,198.93,22617881.34
BTC,2025-08-03 09:00:00,113693.09,113716.83,113633.12,113669.24,137.24,15601413.66
BTC,2025-08-03 10:00:00,113669.24,113915.3,113666.16,113906.2,159.06,18106950.1
BTC,2025-08-03 11:00:00,113906.2,114262.11,113874.18,113874.99,493.91,56344139.9
BTC,2025-08-03 12:00:00,113874.99,114108.91,113678.1,114031.5,368.11,41927371.05
BTC,2025-08-03 13:00:00,114031.5,114098.01,113823.88,113959.41,313.76,35756119.62
BTC,2025-08-03 14:00:00,113959.41,114073.44,113608.53,113802.41,489.48,55713913.09
BTC,2025-08-03 15:00:00,113802.41,113980.74,113692.18,113966.54,301.68,34346227.23
BTC,2025-08-03 16:00:00,113966.54,114040.07,113786.35,114013.53,251.2,28622693.85
BTC,2025-08-03 17:00:00,114013.53,114189.23,113985.26,114143.71,343.18,39154575.61
BTC,2025-08-03 18:00:00,114143.71,114472.92,114090.57,114419.61,434.41,49659118.47
BTC,2025-08-03 19:00:00,114419.61,114803.51,114294.82,114339.88,566.32,64863869.7
BTC,2025-08-03 20:00:00,114339.88,114484.82,114199.34,114447.66,389.82,44562188.5
BTC,2025-08-03 21:00:00,114447.66,114555.91,114395.67,114475.15,224.45,25694900.67
BTC,2025-08-03 22:00:00,114475.15,114636.9,114097.24,114343.18,423.62,48416162.23
BTC,2025-08-03 23:00:00,114343.18,114526.35,114205.32,114238.83,358.31,40968053.67
BTC,2025-08-04 00:00:00,114238.83,114949.49,114155.7,114929.28,692.36,79297646.55
BTC,2025-08-04 01:00:00,114929.28,115022.8,114658.49,114715.13,557.86,64046222.49
BTC,2025-08-04 02:00:00,114715.13,114908.31,114466.71,114832.96,495.29,56813531.51
BTC,2025-08-04 03:00:00,114832.96,114836.17,114565.14,114609.65,244.53,28050085.59
BTC,2025-08-04 04:00:00,114609.65,114683.03,114379.83,114407.57,226.28,25917576.29
BTC,2025-08-04 05:00:00,114407.57,114436.52,114208.64,114416.58,263.85,30158793.06
BTC,2025-08-04 06:00:00,114416.58,114503.27,114178.23,114451.27,192.15,21971325.38
BTC,2025-08-04 07:00:00,114451.27,114804.88,114427.08,114689.37,235.44,26984228.24
BTC,2025-08-04 08:00:00,114689.37,114783.52,114398.95,114571.76,334.06,38283908.35
BTC,2025-08-04 09:00:00,114571.76,114776.72,114327.77,114348.33,322.3,36924759.51
BTC,2025-08-04 10:00:00,114348.33,114517.98,114251.77,114267.03,322.97,36936294.66
BTC,2025-08-04 11:00:00,114267.03,114540.43,114237.97,114512.67,254.37,29097354.72
BTC,2025-08-04 12:00:00,114512.67,114556.9,114333.01,114461.48,432.27,49473165.76
BTC,2025-08-04 13:00:00,114461.48,114940.24,114140.41,114927.3,1071.06,122659213.62
BTC,2025-08-04 14:00:00,114927.3,115491.49,114678.49,114763.91,1981.72,228294648.1
BTC,2025-08-04 15:00:00,114763.91,115052.88,114578.13,114840.96,805.28,92473775.81
BTC,2025-08-04 16:00:00,114840.96,115429.15,114840.79,115308.48,1052.02,121092809.69
BTC,2025-08-04 17:00:00,115308.48,115744.56,115160.84,115206.46,1044.15,120514595.37
BTC,2025-08-04 18:00:00,115206.46,115336.72,114912.13,114949.04,894.79,103014412.82
BTC,2025-08-04 19:00:00,114949.04,115133.43,114716.13,114760.97,905.91,104054082.78
BTC,2025-08-04 20:00:00,114760.97,115049.67,114615.68,114807.38,944.63,108435540.16
BTC,2025-08-04 21:00:00,114807.38,115273.97,114805.84,115131.26,443.86,51062439.34
BTC,2025-08-04 22:00:00,115131.26,115350.98,115095.45,115349.56,494.21,56952684.9
BTC,2025-08-04 23:00:00,115349.56,115364.43,115061.7,115065.9,259.27,29881362.24
BTC,2025-08-05 00:00:00,115065.9,115111.39,114828.27,114877.4,576.24,66241335.56
BTC,2025-08-05 01:00:00,114877.4,115042.39,114684.36,114707.2,542.36,62287469.21
BTC,2025-08-05 02:00:00,114707.2,114823.54,114622.04,114721.22,312.36,35828054.67
BTC,2025-08-05 03:00:00,114721.22,114743.95,114244.86,114251.44,586.87,67128483.11
BTC,2025-08-05 04:00:00,114251.44,114419.78,114168.01,114332.78,258.71,29570753.09
BTC,2025-08-05 05:00:00,114332.78,114474.67,114246.07,114404.88,200.53,22935772.1
BTC,2025-08-05 06:00:00,114404.88,114501.32,114087.46,114161.99,306.86,35073822.9
BTC,2025-08-05 07:00:00,114161.99,114391.72,113711.64,113967.13,417.45,47617778.71
BTC,2025-08-05 08:00:00,113967.13,114503.83,113914.85,114265.29,422.79,48288616.89
BTC,2025-08-05 09:00:00,114265.29,114787.52,114264.26,114684.96,390.95,44786842.35
BTC,2025-08-05 10:00:00,114684.96,115084.29,114575.32,114843.1,453.21,52047201.19
BTC,2025-08-05 11:00:00,114843.1,114974.59,114746.85,114822.14,252.16,28956643.4
BTC,2025-08-05 12:00:00,114822.14,114889.58,113511.9,113940.63,1181.87,135007300.58
BTC,2025-08-05 13:00:00,113940.63,114588.28,113880.79,114380.77,1095.02,125085280.81
BTC,2025-08-05 14:00:00,114380.77,114402.6,112629.49,113026.18,2895.47,327972966.41
BTC,2025-08-05 15:00:00,113026.18,113232.14,112686.22,112911.31,1350.97,152551837.37
BTC,2025-08-05 16:00:00,112911.31,113343.67,112802.53,113150.42,1552.3,175519166.15
BTC,2025-08-05 17:00:00,113150.42,113651.75,113074.31,113615.31,1049.93,118974775.18
BTC,2025-08-05 18:00:00,113615.31,113642.64,113242.7,113619.66,874.74,99260490.21
BTC,2025-08-05 19:00:00,113619.66,113748.83,113399.62,113614.38,510.17,57972174.53
BTC,2025-08-05 20:00:00,113614.38,113986.09,113490.79,113681.88,496.37,56462417.23
BTC,2025-08-05 21:00:00,113681.88,113867.01,113560.61,113587.74,313.72,35684977.65
BTC,2025-08-05 22:00:00,113587.74,113982.6,113300.67,113955.11,470.02,53462887.45
BTC,2025-08-05 23:00:00,113955.11,114226.55,113915.06,114127.63,411.83,46987313.44
BTC,2025-08-06 00:00:00,114127.63,114138.42,113746.6,113881.53,435.34,49606574.54
BTC,2025-08-06 01:00:00,113881.53,113938.89,113585.15,113826.29,510.28,58050141.55
BTC,2025-08-06 02:00:00,113826.29,113831.28,113501.96,113633.46,403.93,45909564.92
BTC,2025-08-06 03:00:00,113633.46,113665.59,113418.95,113519.73,351.81,39944962.92
BTC,2025-08-06 04:00:00,113519.73,113590.0,113364.73,113431.02,206.05,23380291.14
BTC,2025-08-06 05:00:00,113431.02,114415.79,113397.93,114148.64,489.57,55837283.0
BTC,2025-08-06 06:00:00,114148.64,114198.22,113936.18,114088.34,225.05,25673015.76
BTC,2025-08-06 07:00:00,114088.34,114296.83,114022.2,114233.34,248.75,28410606.31
BTC,2025-08-06 08:00:00,114233.34,114258.58,113733.43,113944.27,356.89,40689510.03
BTC,2025-08-06 09:00:00,113944.27,114369.97,113915.31,114092.03,391.85,44710959.69
BTC,2025-08-06 10:00:00,114092.03,114226.24,113900.27,114073.2,292.03,33310010.77
BTC,2025-08-06 11:00:00,114073.2,114403.77,114015.62,114237.47,280.22,32008650.24
BTC,2025-08-06 12:00:00,114237.47,114338.0,113807.43,113928.18,638.72,72863241.78
BTC,2025-08-06 13:00:00,113928.18,114391.16,113576.19,114267.35,1378.85,157209048.32
BTC,2025-08-06 14:00:00,114267.35,115226.86,113868.48,115214.32,1882.98,215578866.4
BTC,2025-08-06 15:00:00,115214.32,115590.02,114849.14,115449.24,1432.2,164978535.93
BTC,2025-08-06 16:00:00,115449.24,115523.35,114966.53,115160.49,1168.47,134617081.51
BTC,2025-08-06 17:00:00,115160.49,115543.44,115041.17,115541.81,626.24,72226979.92
BTC,2025-08-06 18:00:00,115541.81,115748.22,115336.13,115453.45,1181.84,136586323.34
BTC,2025-08-06 19:00:00,115453.45,115556.08,115160.51,115304.39,550.68,63529072.93
BTC,2025-08-06 20:00:00,115304.39,115305.05,115053.21,115094.19,458.52,52799097.29
BTC,2025-08-06 21:00:00,115094.19,115269.43,114839.46,115106.93,322.6,37124691.38
BTC,2025-08-06 22:00:00,115106.93,115264.92,115085.49,115139.83,444.21,51159082.54
BTC,2025-08-06 23:00:00,115139.83,115158.68,115016.63,115038.45,203.59,23426590.48
BTC,2025-08-07 00:00:00,115038.45,115059.12,114901.41,114938.98,211.77,24348077.41
BTC,2025-08-07 01:00:00,114938.98,115224.01,114625.65,114785.58,354.98,40814358.15
BTC,2025-08-07 02:00:00,114785.58,114893.9,114445.1,114593.47,328.51,37681789.62
BTC,2025-08-07 03:00:00,114593.47,114643.86,114429.23,114581.66,288.92,33092580.88
BTC,2025-08-07 04:00:00,114581.66,114681.71,114288.63,114377.38,346.45,39652583.08
BTC,2025-08-07 05:00:00,114377.38,114590.82,114303.12,114589.93,209.79,24017118.93
BTC,2025-08-07 06:00:00,114589.93,114814.02,114540.26,114693.1,297.5,34106723.7
BTC,2025-08-07 07:00:00,114693.1,114906.02,114677.91,114821.78,132.87,15255982.28
BTC,2025-08-07 08:00:00,114821.78,115206.37,114819.68,114996.89,275.42,31686195.68
BTC,2025-08-07 09:00:00,114996.89,115104.32,114884.28,115091.9,211.81,24360722.83
BTC,2025-08-07 10:00:00,115091.9,116464.55,115068.17,116379.95,1360.99,157749767.51
BTC,2025-08-07 11:00:00,116379.95,116853.84,116379.95,116553.41,742.82,86622666.14
BTC,2025-08-07 12:00:00,116553.41,116617.08,116062.63,116394.51,544.14,63316668.79
BTC,2025-08-07 13:00:00,116394.51,116789.73,116222.87,116678.08,972.18,113302592.5
BTC,2025-08-07 14:00:00,116678.08,116726.49,116239.72,116398.17,1076.69,125397369.69
BTC,2025-08-07 15:00:00,116398.17,116846.7,116280.98,116749.61,1073.83,125227965.01
BTC,2025-08-07 16:00:00,116749.61,116797.47,115686.17,116297.46,1238.99,144224625.71
BTC,2025-08-07 17:00:00,116297.46,116601.74,116169.71,116539.98,1173.33,136578636.01
BTC,2025-08-07 18:00:00,116539.98,116623.96,116191.68,116605.5,716.73,83418398.59
BTC,2025-08-07 19:00:00,116605.5,117597.07,116535.92,117533.76,2249.88,263527463.31
BTC,2025-08-07 20:00:00,117533.76,117566.52,117206.32,117244.89,827.44,97154808.46
BTC,2025-08-07 21:00:00,117244.89,117421.08,117070.95,117149.7,454.45,53292562.08
BTC,2025-08-07 22:00:00,117149.7,117690.87,117142.68,117626.32,800.88,94078184.36
BTC,2025-08-07 23:00:00,117626.32,117649.49,117352.32,117522.28,469.27,55122637.92
BTC,2025-08-08 00:00:00,117522.28,117698.38,116909.1,117329.56,1430.47,167893798.05
BTC,2025-08-08 01:00:00,117329.56,117338.41,116834.09,116928.26,1349.37,157960456.79
BTC,2025-08-08 02:00:00,116928.26,116965.05,116734.95,116747.78,380.5,44461691.8
BTC,2025-08-08 03:00:00,116747.78,117017.39,116733.33,116788.28,287.86,33636591.59
BTC,2025-08-08 04:00:00,116788.28,116903.97,116712.32,116793.23,158.33,18493247.21
BTC,2025-08-08 05:00:00,116793.23,116793.36,116551.62,116571.56,155.32,18121378.82
BTC,2025-08-08 06:00:00,116571.56,116798.0,116413.89,116782.1,470.03,54764347.69
BTC,2025-08-08 07:00:00,116782.1,117017.84,116598.49,116875.42,389.74,45561848.24
BTC,2025-08-08 08:00:00,116875.42,116975.35,116492.05,116669.9,278.86,32536410.37
BTC,2025-08-08 09:00:00,116669.9,116770.48,116535.78,116729.35,203.4,23726601.47
BTC,2025-08-08 10:00:00,116729.35,116762.69,116361.95,116576.99,224.51,26165530.41
BTC,2025-08-08 11:00:00,116576.99,116963.94,116576.99,116946.22,174.24,20353625.52
BTC,2025-08-08 12:00:00,116946.22,116946.38,116551.47,116553.07,280.5,32733096.23
BTC,2025-08-08 13:00:00,116553.07,117016.32,116553.02,116957.52,728.19,85050171.27
BTC,2025-08-08 14:00:00,116957.52,117326.08,116402.35,116519.74,1343.92,156930706.15
BTC,2025-08-08 15:00:00,116519.74,116562.97,115895.35,116225.69,1221.56,141888016.32
BTC,2025-08-08 16:00:00,116225.69,116388.56,116018.58,116214.64,590.24,68574936.11
BTC,2025-08-08 17:00:00,116214.64,116724.31,116179.03,116723.12,593.69,69147207.19
BTC,2025-08-08 18:00:00,116723.12,116917.34,116356.76,116532.56,834.1,97318662.34
BTC,2025-08-08 19:00:00,116532.56,116757.06,116376.26,116488.26,2118.85,246946662.92
BTC,2025-08-08 20:00:00,116488.26,116924.56,116348.86,116924.56,464.95,54219389.17
BTC,2025-08-08 21:00:00,116924.56,117003.0,116770.65,116959.74,269.69,31520542.42
BTC,2025-08-08 22:00:00,116959.74,117007.38,116783.25,116906.31,273.27,31950488.95
BTC,2025-08-08 23:00:00,116906.31,116943.05,116671.1,116692.86,360.78,42132946.24
BTC,2025-08-09 00:00:00,116692.86,116774.26,116588.76,116609.35,450.78,52592697.02
BTC,2025-08-09 01:00:00,116609.35,116669.6,116541.85,116577.42,413.83,48249743.27
BTC,2025-08-09 02:00:00,116577.42,116577.48,116402.36,116412.29,408.65,47590695.88
BTC,2025-08-09 03:00:00,116412.29,116497.81,116360.05,116403.92,243.79,28381250.03
BTC,2025-08-09 04:00:00,116403.92,116691.91,116376.25,116467.06,209.37,24394627.25
BTC,2025-08-09 05:00:00,116467.06,116996.3,116441.91,116754.8,420.74,49128114.95
BTC,2025-08-09 06:00:00,116754.8,116771.22,116566.58,116679.85,200.62,23403756.34
BTC,2025-08-09 07:00:00,116679.85,116920.75,116653.52,116777.37,151.77,17727705.02
BTC,2025-08-09 08:00:00,116777.37,117188.1,116770.85,117121.97,281.21,32890751.07
BTC,2025-08-09 09:00:00,117121.97,117518.08,117069.69,117515.78,370.49,43464137.84
BTC,2025-08-09 10:00:00,117515.78,117940.29,117407.53,117445.79,584.26,68746652.92
BTC,2025-08-09 11:00:00,117445.79,117485.27,117102.24,117130.97,264.02,30962232.19
BTC,2025-08-09 12:00:00,117130.97,117252.91,117025.53,117123.05,271.4,31794385.32
BTC,2025-08-09 13:00:00,117123.05,117164.42,116893.89,116985.64,309.98,36266067.92
BTC,2025-08-09 14:00:00,116985.64,117019.91,116783.31,116987.98,331.04,38699532.77
BTC,2025-08-09 15:00:00,116987.98,117160.0,116731.95,116912.4,418.86,48977230.07
BTC,2025-08-09 16:00:00,116912.4,116970.41,116665.82,116678.69,317.84,37120989.01
BTC,2025-08-09 17:00:00,116678.69,116817.49,116649.94,116704.96,236.63,27622882.48
BTC,2025-08-09 18:00:00,116704.96,116748.61,116577.67,116663.77,258.27,30134955.69
BTC,2025-08-09 19:00:00,116663.77,116755.03,116544.33,116578.18,224.65,26202807.05
BTC,2025-08-09 20:00:00,116578.18,117048.98,116531.7,116801.69,512.28,59814147.16
BTC,2025-08-09 21:00:00,116801.69,116824.43,116412.9,116563.18,479.64,55901980.95
BTC,2025-08-09 22:00:00,116563.18,116762.42,116534.6,116579.42,298.39,34804474.31
BTC,2025-08-09 23:00:00,116579.42,116626.65,116467.04,116501.28,272.01,31687087.55
BTC,2025-08-10 00:00:00,116501.28,116772.42,116496.35,116765.72,182.07,21236426.79
BTC,2025-08-10 01:00:00,116765.72,116795.35,116571.87,116603.7,250.67,29248830.88
BTC,2025-08-10 02:00:00,116603.7,117329.49,116602.57,117323.24,487.92,57065041.96
BTC,2025-08-10 03:00:00,117323.24,118510.21,117264.48,118508.2,1284.62,151737761.69
BTC,2025-08-10 04:00:00,118508.2,118751.64,118410.87,118502.07,662.69,78613065.12
BTC,2025-08-10 05:00:00,118502.07,118528.51,117942.16,118067.85,351.62,41557714.05
BTC,2025-08-10 06:00:00,118067.85,118167.67,117761.99,118090.46,244.07,28793791.65
BTC,2025-08-10 07:00:00,118090.46,118247.93,117499.07,117815.69,279.12,32891098.35
BTC,2025-08-10 08:00:00,117815.69,118404.89,117643.15,118319.5,302.14,35672718.31
BTC,2025-08-10 09:00:00,118319.5,118440.18,118137.04,118296.57,229.9,27194824.47
BTC,2025-08-10 10:00:00,118296.57,118296.67,118015.11,118024.13,191.35,22609460.33
BTC,2025-08-10 11:00:00,118024.13,118514.85,117953.35,118339.67,259.02,30633896.03
BTC,2025-08-10 12:00:00,118339.67,118735.32,118256.38,118516.24,479.64,56869588.17
BTC,2025-08-10 13:00:00,118516.24,118690.61,118383.45,118457.16,492.3,58356339.5
BTC,2025-08-10 14:00:00,118457.16,118847.73,118343.6,118789.34,764.65,90744459.99
BTC,2025-08-10 15:00:00,118789.34,119116.93,118577.23,118816.27,483.64,57484169.69
BTC,2025-08-10 16:00:00,118816.27,118947.04,118636.23,118676.18,376.03,44662090.52
BTC,2025-08-10 17:00:00,118676.18,118704.77,118463.87,118538.92,277.16,32858897.6
BTC,2025-08-10 18:00:00,118538.92,118617.77,118445.26,118561.99,150.49,17837204.36
BTC,2025-08-10 19:00:00,118561.99,118719.81,118474.45,118681.7,193.17,22913057.64
BTC,2025-08-10 20:00:00,118681.7,118766.44,118112.07,118355.17,900.98,106681614.36
BTC,2025-08-10 21:00:00,118355.17,118702.25,118127.77,118702.25,484.75,57336670.87
BTC,2025-08-10 22:00:00,118702.25,119071.56,118644.26,119067.52,525.86,62511510.46
BTC,2025-08-10 23:00:00,119067.52,119320.76,118883.18,119311.7,700.29,83436198.36
BTC,2025-08-11 00:00:00,119311.7,119505.77,119144.74,119168.56,765.3,91306547.15
BTC,2025-08-11 01:00:00,119168.56,119958.33,119015.15,119958.33,1264.28,151167018.68
BTC,2025-08-11 02:00:00,119958.33,121897.73,119944.5,121874.95,2994.76,362773529.88
BTC,2025-08-11 03:00:00,121874.95,122168.04,121560.97,121717.95,1226.28,149383493.4
BTC,2025-08-11 04:00:00,121717.95,122165.47,121624.16,122080.32,1284.12,156450500.49
BTC,2025-08-11 05:00:00,122080.32,122298.7,121801.37,122032.21,593.79,72463813.68
BTC,2025-08-11 06:00:00,122032.21,122309.71,121948.88,122288.75,489.51,59790301.35
BTC,2025-08-11 07:00:00,122288.75,122301.92,121469.0,121526.23,459.85,56042298.31
BTC,2025-08-11 08:00:00,121526.23,121790.43,121212.43,121675.76,544.48,66171732.33
BTC,2025-08-11 09:00:00,121675.76,121699.39,121136.68,121400.18,476.87,57878687.16
BTC,2025-08-11 10:00:00,121400.18,121426.7,120956.22,121156.57,479.95,58165882.71
BTC,2025-08-11 11:00:00,121156.57,121248.12,120278.76,120550.3,1003.66,121122975.71
BTC,2025-08-11 12:00:00,120550.3,120634.66,119514.75,119622.66,1811.16,217326839.01
BTC,2025-08-11 13:00:00,119622.66,120298.78,119360.63,119983.21,1873.0,224361081.13
BTC,2025-08-11 14:00:00,119983.21,120569.9,119789.64,120219.25,1395.47,167607232.0
BTC,2025-08-11 15:00:00,120219.25,120401.81,119839.17,120307.1,1177.61,141483889.25
BTC,2025-08-11 16:00:00,120307.1,120799.38,119928.36,119956.62,1269.17,152824753.88
BTC,2025-08-11 17:00:00,119956.62,120155.81,119477.66,119507.3,1004.89,120371774.04
BTC,2025-08-11 18:00:00,119507.3,119883.33,119270.86,119775.75,932.49,111497362.28
BTC,2025-08-11 19:00:00,119775.75,119791.86,118618.32,119078.56,1534.2,182813310.69
BTC,2025-08-11 20:00:00,119078.56,119086.3,118575.15,118849.36,949.11,112776875.33
BTC,2025-08-11 21:00:00,118849.36,119188.93,118106.91,118731.63,1076.52,127750593.23
BTC,2025-08-11 22:00:00,118731.63,118933.13,118297.55,118911.29,711.73,84421110.69
BTC,2025-08-11 23:00:00,118911.29,118911.29,118612.14,118714.58,341.69,40588652.65
BTC,2025-08-12 00:00:00,118714.58,119045.16,118622.48,118974.8,651.32,77398173.01
BTC,2025-08-12 01:00:00,118974.8,119135.38,118802.15,119000.8,549.5,65398618.61
BTC,2025-08-12 02:00:00,119000.8,119296.45,118856.75,119073.86,432.31,51483811.8
BTC,2025-08-12 03:00:00,119073.86,119130.76,118774.7,118861.42,326.32,38820239.68
BTC,2025-08-12 04:00:00,118861.42,119167.79,118814.77,119082.91,239.95,28555027.55
BTC,2025-08-12 05:00:00,119082.91,119083.03,118443.15,118827.24,501.22,59491972.0
BTC,2025-08-12 06:00:00,118827.24,119031.59,118615.99,118852.38,412.68,49058602.48
BTC,2025-08-12 07:00:00,118852.38,119165.51,118852.38,119001.72,192.77,22949261.18
BTC,2025-08-12 08:00:00,119001.72,119064.15,118755.31,118825.11,311.94,37094201.88
BTC,2025-08-12 09:00:00,118825.11,118899.93,118418.03,118425.17,386.72,45878901.17
BTC,2025-08-12 10:00:00,118425.17,118654.7,118224.95,118451.63,496.56,58805401.97
BTC,2025-08-12 11:00:00,118451.63,118651.3,118214.28,118511.29,369.77,43787959.67
BTC,2025-08-12 12:00:00,118511.29,119268.28,118272.83,119268.15,1798.32,213780520.27
BTC,2025-08-12 13:00:00,119268.15,119711.71,118629.0,118846.52,2283.86,272000504.83
BTC,2025-08-12 14:00:00,118846.52,119449.84,118764.0,119446.35,1396.12,166330842.64
BTC,2025-08-12 15:00:00,119446.35,119973.57,119320.63,119946.72,1314.86,157350174.4
BTC,2025-08-12 16:00:00,119946.72,120208.71,119542.63,119668.75,1070.41,128246643.34
BTC,2025-08-12 17:00:00,119668.75,119873.82,119204.37,119288.23,923.01,110353886.11
BTC,2025-08-12 18:00:00,119288.23,120094.89,119276.16,119352.45,973.35,116475712.19
BTC,2025-08-12 19:00:00,119352.45,119982.32,119313.76,119665.12,743.4,88986947.62
BTC,2025-08-12 20:00:00,119665.12,120325.99,119504.35,120191.08,1101.39,132134601.88
BTC,2025-08-12 21:00:00,120191.08,120204.03,119804.14,119900.28,684.61,82162465.96
BTC,2025-08-12 22:00:00,119900.28,120090.42,119643.75,120089.31,580.28,69547954.31
BTC,2025-08-12 23:00:00,120089.31,120288.43,119899.17,120128.24,472.95,56815665.19
BTC,2025-08-13 00:00:00,120128.24,120162.82,119628.56,119703.75,598.7,71789382.44
BTC,2025-08-13 01:00:00,119703.75,119712.05,119335.97,119456.17,809.84,96780394.5
BTC,2025-08-13 02:00:00,119456.17,119731.69,119071.12,119547.61,653.13,77973549.03
BTC,2025-08-13 03:00:00,119547.61,119632.67,119307.8,119481.8,441.06,52694431.79
BTC,2025-08-13 04:00:00,119481.8,119832.02,119330.99,119342.51,489.02,58483342.63
BTC,2025-08-13 05:00:00,119342.51,119680.18,118948.18,119069.01,375.94,44846256.38
BTC,2025-08-13 06:00:00,119069.01,119433.43,118962.28,119426.69,262.7,31323009.49
BTC,2025-08-13 07:00:00,119426.69,119644.67,119312.99,119599.8,257.62,30764335.41
BTC,2025-08-13 08:00:00,119599.8,120053.87,119464.68,120052.76,550.01,65902874.9
BTC,2025-08-13 09:00:00,120052.76,120170.5,119796.13,120128.52,744.87,89401191.17
BTC,2025-08-13 10:00:00,120128.52,120500.7,120054.78,120493.14,1053.86,126814513.55
BTC,2025-08-13 11:00:00,120493.14,120725.98,120436.15,120575.08,592.18,71416432.83
BTC,2025-08-13 12:00:00,120575.08,120680.15,120218.61,120288.33,876.89,105638987.41
BTC,2025-08-13 13:00:00,120288.33,122075.11,120119.03,121783.93,2364.07,286250954.82
BTC,2025-08-13 14:00:00,121783.93,122240.84,120800.93,120917.55,3832.71,466604973.6
BTC,2025-08-13 15:00:00,120917.55,121370.18,120349.94,120951.84,1810.69,218868081.55
BTC,2025-08-13 16:00:00,120951.84,121759.82,120951.79,121451.45,1495.05,181663811.15
BTC,2025-08-13 17:00:00,121451.45,121889.17,121448.58,121848.98,1035.92,126073570.67
BTC,2025-08-13 18:00:00,121848.98,121977.39,121470.28,121654.61,1094.92,133278832.18
BTC,2025-08-13 19:00:00,121654.61,122896.71,121544.84,122810.04,2525.46,309068101.46
BTC,2025-08-13 20:00:00,122810.04,123045.11,122532.9,122972.37,1238.31,152089108.48
BTC,2025-08-13 21:00:00,122972.37,123079.89,122370.41,122618.57,1169.29,143557277.67
BTC,2025-08-13 22:00:00,122618.57,123685.12,122618.57,123016.15,1901.58,234322765.68
BTC,2025-08-13 23:00:00,123016.15,123735.38,122970.46,123374.56,1179.16,145490761.1
BTC,2025-08-14 00:00:00,123374.56,124532.7,123323.09,123901.8,2194.91,271988337.74
BTC,2025-08-14 01:00:00,123901.8,123998.06,123400.2,123400.75,1018.28,125942125.42
BTC,2025-08-14 02:00:00,123400.75,123747.17,123328.36,123713.03,802.8,99164355.31
BTC,2025-08-14 03:00:00,123713.03,123906.95,123357.31,123406.33,390.1,48233580.47
BTC,2025-08-14 04:00:00,123406.33,123472.17,123063.65,123063.65,457.49,56399048.78
BTC,2025-08-14 05:00:00,123063.65,123175.5,122135.12,122194.3,736.85,90383472.8
BTC,2025-08-14 06:00:00,122194.3,122200.95,121365.05,121825.9,1103.86,134443697.27
BTC,2025-08-14 07:00:00,121825.9,122101.16,121594.23,121792.05,493.14,60051149.46
BTC,2025-08-14 08:00:00,121792.05,122079.22,121623.17,121685.07,564.86,68816050.49
BTC,2025-08-14 09:00:00,121685.07,121978.2,121577.26,121705.17,483.84,58913806.41
BTC,2025-08-14 10:00:00,121705.17,121828.9,120816.42,120981.31,1160.89,140800552.25
BTC,2025-08-14 11:00:00,120981.31,121075.7,120744.88,121009.79,850.09,102790101.91
BTC,2025-08-14 12:00:00,121009.79,121205.01,118069.02,118926.14,5195.49,621472372.96
BTC,2025-08-14 13:00:00,118926.14,119313.21,117769.44,118479.02,4771.44,565596824.87
BTC,2025-08-14 14:00:00,118479.02,119442.88,118058.61,118877.97,2923.87,347324940.57
BTC,2025-08-14 15:00:00,118877.97,118963.89,117907.65,118286.59,2233.52,264258954.9
BTC,2025-08-14 16:00:00,118286.59,118287.35,117435.83,117921.03,2420.67,285175750.33
BTC,2025-08-14 17:00:00,117921.03,118194.88,117565.71,117974.0,1267.92,149397392.96
BTC,2025-08-14 18:00:00,117974.0,118292.51,117241.12,118168.06,1471.44,173393608.08
BTC,2025-08-14 19:00:00,118168.06,118603.36,117990.34,118011.52,1401.35,165765480.6
BTC,2025-08-14 20:00:00,118011.52,118221.42,117805.4,117960.76,1154.93,136268080.37
BTC,2025-08-14 21:00:00,117960.76,118289.43,117412.95,117997.05,1105.12,130251859.18
BTC,2025-08-14 22:00:00,117997.05,118448.16,117737.87,118387.64,763.23,90214925.97
BTC,2025-08-14 23:00:00,118387.64,118614.02,118334.19,118391.59,525.78,62309072.45
BTC,2025-08-15 00:00:00,118391.59,118577.13,118153.0,118300.31,711.38,84216292.15
BTC,2025-08-15 01:00:00,118300.31,118851.06,118154.49,118799.2,728.23,86326668.72
BTC,2025-08-15 02:00:00,118799.2,119036.69,118705.03,118831.81,754.83,89728610.85
BTC,2025-08-15 03:00:00,118831.81,119207.34,118746.22,119098.5,647.67,77104794.85
BTC,2025-08-15 04:00:00,119098.5,119327.68,118906.86,118951.75,923.19,109743553.02
BTC,2025-08-15 05:00:00,118951.75,119097.5,118756.59,119079.52,340.45,40475929.01
BTC,2025-08-15 06:00:00,119079.52,119335.93,118980.71,119200.63,325.95,38849188.85
BTC,2025-08-15 07:00:00,119200.63,119203.14,118851.5,119049.23,265.85,31633238.11
BTC,2025-08-15 08:00:00,119049.23,119255.58,118972.16,118972.18,365.55,43544691.36
BTC,2025-08-15 09:00:00,118972.18,119134.19,118695.34,118785.47,305.54,36329213.48
BTC,2025-08-15 10:00:00,118785.47,119107.17,118785.41,118971.72,302.93,36050899.97
BTC,2025-08-15 11:00:00,118971.72,119187.98,118971.61,119087.93,206.79,24634251.36
BTC,2025-08-15 12:00:00,119087.93,119202.81,118620.81,118742.54,920.85,109487835.7
BTC,2025-08-15 13:00:00,118742.54,118830.1,117789.33,117834.25,1926.26,227796818.6
BTC,2025-08-15 14:00:00,117834.25,118335.64,117304.01,117450.67,2197.96,258989280.99
BTC,2025-08-15 15:00:00,117450.67,117648.08,116895.4,117331.58,1865.69,218762180.84
BTC,2025-08-15 16:00:00,117331.58,117485.17,116865.92,117428.55,1598.41,187261678.94
BTC,2025-08-15 17:00:00,117428.55,117943.91,117054.53,117659.36,1169.2,137382705.11
BTC,2025-08-15 18:00:00,117659.36,117732.92,117093.69,117221.44,819.87,96250647.36
BTC,2025-08-15 19:00:00,117221.44,117477.21,116913.42,116998.86,1324.5,155150276.51
BTC,2025-08-15 20:00:00,116998.86,117399.66,116930.05,117358.03,655.76,76845468.02
BTC,2025-08-15 21:00:00,117358.03,117433.68,117089.1,117405.95,392.98,46098664.08
BTC,2025-08-15 22:00:00,117405.95,117833.5,117381.6,117796.48,378.54,44505853.91
BTC,2025-08-15 23:00:00,117796.48,117859.88,117146.98,117440.09,596.18,69989410.51
BTC,2025-08-16 00:00:00,117440.09,117880.87,117343.78,117840.07,635.54,74749192.33
BTC,2025-08-16 01:00:00,117840.07,118000.57,117731.41,117926.32,447.73,52767419.37
BTC,2025-08-16 02:00:00,117926.32,117929.82,117549.95,117615.93,610.38,71854883.74
BTC,2025-08-16 03:00:00,117615.93,117772.91,117495.54,117538.63,297.85,35045485.77
BTC,2025-08-16 04:00:00,117538.63,117991.61,117531.93,117924.28,266.81,31428065.85
BTC,2025-08-16 05:00:00,117924.28,117961.14,117636.88,117706.22,156.56,18434836.97
BTC,2025-08-16 06:00:00,117706.22,117742.79,117396.21,117498.94,231.83,27249240.62
BTC,2025-08-16 07:00:00,117498.94,117773.15,117453.51,117705.19,189.38,22275353.35
BTC,2025-08-16 08:00:00,117705.19,117766.58,117594.61,117722.01,156.94,18467999.9
BTC,2025-08-16 09:00:00,117722.01,117802.07,117396.99,117407.26,260.25,30616078.29
BTC,2025-08-16 10:00:00,117407.26,117538.62,117242.73,117484.52,403.45,47370752.67
BTC,2025-08-16 11:00:00,117484.52,117629.43,117448.34,117473.0,144.14,16943932.56
BTC,2025-08-16 12:00:00,117473.0,117835.08,117426.76,117825.22,326.27,38384370.54
BTC,2025-08-16 13:00:00,117825.22,117881.26,117679.36,117727.22,318.52,37517155.3
BTC,2025-08-16 14:00:00,117727.22,117868.66,117632.36,117860.11,310.5,36565321.67
BTC,2025-08-16 15:00:00,117860.11,117909.44,117704.02,117769.11,214.91,25318707.73
BTC,2025-08-16 16:00:00,117769.11,117902.23,117767.42,117840.4,196.41,23144471.97
BTC,2025-08-16 17:00:00,117840.4,117847.98,117742.28,117784.08,144.45,17014126.54
BTC,2025-08-16 18:00:00,117784.08,117835.92,117712.63,117768.14,132.11,15559506.29
BTC,2025-08-16 19:00:00,117768.14,117844.99,117733.5,117751.48,124.34,14645065.22
BTC,2025-08-16 20:00:00,117751.48,117795.04,117609.48,117741.78,187.13,22030527.01
BTC,2025-08-16 21:00:00,117741.78,117741.93,117524.64,117533.62,139.0,16352008.03
BTC,2025-08-16 22:00:00,117533.62,117634.79,117313.54,117553.14,335.66,39439605.33
BTC,2025-08-16 23:00:00,117553.14,117563.25,117368.81,117469.52,175.83,20653383.12
BTC,2025-08-17 00:00:00,117469.52,117500.87,117343.78,117345.71,247.62,29073257.01
BTC,2025-08-17 01:00:00,117345.71,117576.57,117268.69,117517.71,315.37,37028804.63
BTC,2025-08-17 02:00:00,117517.71,117706.77,117473.6,117688.6,248.17,29182155.49
BTC,2025-08-17 03:00:00,117688.6,117836.79,117593.63,117764.66,236.45,27833613.89
BTC,2025-08-17 04:00:00,117764.66,118265.71,117764.56,118166.54,295.6,34879120.55
BTC,2025-08-17 05:00:00,118166.54,118323.3,118086.65,118094.9,237.31,28048253.67
BTC,2025-08-17 06:00:00,118094.9,118201.38,117991.77,118017.58,106.88,12621949.11
BTC,2025-08-17 07:00:00,118017.58,118126.59,117939.52,118092.17,113.37,13381939.56
BTC,2025-08-17 08:00:00,118092.17,118475.14,118017.95,118456.89,215.33,25463326.72
BTC,2025-08-17 09:00:00,118456.89,118559.89,118304.09,118407.18,364.31,43140845.12
BTC,2025-08-17 10:00:00,118407.18,118459.74,118259.14,118456.58,284.14,33626747.0
BTC,2025-08-17 11:00:00,118456.58,118462.18,118341.53,118382.2,182.82,21646393.86
BTC,2025-08-17 12:00:00,118382.2,118423.49,118209.87,118229.21,222.37,26311517.81
BTC,2025-08-17 13:00:00,118229.21,118639.81,118141.41,118504.88,375.85,44477456.34
BTC,2025-08-17 14:00:00,118504.88,118543.38,118219.0,118222.04,276.18,32689803.79
BTC,2025-08-17 15:00:00,118222.04,118326.15,118203.68,118307.93,259.22,30650556.08
BTC,2025-08-17 16:00:00,118307.93,118376.98,117790.91,117893.37,564.57,66667379.15
BTC,2025-08-17 17:00:00,117893.37,118008.97,117723.64,117971.62,300.09,35377313.18
BTC,2025-08-17 18:00:00,117971.62,118020.84,117392.95,117619.1,408.77,48128061.35
BTC,2025-08-17 19:00:00,117619.1,117820.28,117543.97,117656.63,318.28,37457373.83
BTC,2025-08-17 20:00:00,117656.63,117823.78,117584.87,117686.85,201.2,23683954.66
BTC,2025-08-17 21:00:00,117686.85,117852.58,117686.11,117784.79,188.82,22232661.78
BTC,2025-08-17 22:00:00,117784.79,118078.22,117763.92,118035.06,350.74,41359484.83
BTC,2025-08-17 23:00:00,118035.06,118053.83,117456.48,117488.0,392.85,46238472.15
BTC,2025-08-18 00:00:00,117488.0,117627.66,117108.09,117366.94,766.68,89977200.69
BTC,2025-08-18 01:00:00,117366.94,117485.06,116267.85,116360.31,1989.81,232337080.96
BTC,2025-08-18 02:00:00,116360.31,116414.01,115404.69,115535.6,2003.61,232212647.13
BTC,2025-08-18 03:00:00,115535.6,115711.35,115076.99,115396.66,1088.47,125604828.96
BTC,2025-08-18 04:00:00,115396.66,115611.75,115169.92,115557.11,588.18,67882421.5
BTC,2025-08-18 05:00:00,115557.11,115768.06,115073.9,115768.06,537.97,62102741.15
BTC,2025-08-18 06:00:00,115768.06,115795.41,114966.11,115326.05,872.82,100608660.82
BTC,2025-08-18 07:00:00,115326.05,115558.32,115277.22,115290.05,502.39,57996419.5
BTC,2025-08-18 08:00:00,115290.05,115472.66,115156.21,115213.54,485.92,56038484.78
BTC,2025-08-18 09:00:00,115213.54,115219.61,114716.49,115110.51,1152.28,132469575.97
BTC,2025-08-18 10:00:00,115110.51,115337.22,115062.78,115144.99,397.2,45762427.05
BTC,2025-08-18 11:00:00,115144.99,115211.29,114934.17,115019.01,760.19,87445346.59
BTC,2025-08-18 12:00:00,115019.01,115577.99,114978.93,115577.98,642.61,74063861.27
BTC,2025-08-18 13:00:00,115577.98,115809.64,114891.47,114909.98,1661.05,191821129.91
BTC,2025-08-18 14:00:00,114909.98,115696.88,114909.98,115693.26,1832.6,211173325.83
BTC,2025-08-18 15:00:00,115693.26,116246.26,115474.93,116215.23,1050.25,121656994.5
BTC,2025-08-18 16:00:00,116215.23,116429.66,115920.7,116040.72,1171.32,136078211.56
BTC,2025-08-18 17:00:00,116040.72,116883.88,116040.66,116503.51,1125.03,131137490.67
BTC,2025-08-18 18:00:00,116503.51,116649.32,116301.25,116553.74,746.2,86917755.61
BTC,2025-08-18 19:00:00,116553.74,116692.75,116267.8,116379.16,906.75,105546293.01
BTC,2025-08-18 20:00:00,116379.16,116603.26,116064.26,116474.75,803.44,93492905.38
BTC,2025-08-18 21:00:00,116474.75,116757.69,116471.99,116730.63,516.51,60240669.38
BTC,2025-08-18 22:00:00,116730.63,117050.07,116460.42,116471.47,735.38,85946520.0
BTC,2025-08-18 23:00:00,116471.47,116623.96,116169.37,116292.15,396.16,46105675.55
BTC,2025-08-19 00:00:00,116292.15,116620.38,115594.66,116615.62,1151.56,133759743.42
BTC,2025-08-19 01:00:00,116615.62,116789.95,115779.33,115853.05,807.16,93836463.31
BTC,2025-08-19 02:00:00,115853.05,116100.82,115701.86,115807.07,627.86,72757060.74
BTC,2025-08-19 03:00:00,115807.07,115813.58,114864.95,114876.4,1355.36,156195582.28
BTC,2025-08-19 04:00:00,114876.4,115408.89,114441.44,115357.4,1232.18,141556464.29
BTC,2025-08-19 05:00:00,115357.4,115524.68,115010.26,115024.09,502.75,57960372.21
BTC,2025-08-19 06:00:00,115024.09,115259.07,114965.87,115066.02,368.07,42354545.01
BTC,2025-08-19 07:00:00,115066.02,115109.23,114676.04,115032.84,502.39,57717093.59
BTC,2025-08-19 08:00:00,115032.84,115350.24,114858.01,115251.74,467.95,53846508.78
BTC,2025-08-19 09:00:00,115251.74,115549.81,115244.65,115391.51,558.09,64418040.16
BTC,2025-08-19 10:00:00,115391.51,115640.43,115373.59,115454.66,415.44,47984909.0
BTC,2025-08-19 11:00:00,115454.66,115709.18,115454.66,115569.97,423.14,48922880.48
BTC,2025-08-19 12:00:00,115569.97,115672.96,115327.94,115639.17,472.61,54601323.3
BTC,2025-08-19 13:00:00,115639.17,115925.54,114914.42,115225.81,1853.73,213831700.0
BTC,2025-08-19 14:00:00,115225.81,115404.96,113779.88,113903.56,4272.57,488474834.16
BTC,2025-08-19 15:00:00,113903.56,114190.08,113592.83,113793.87,2220.52,252903890.8
BTC,2025-08-19 16:00:00,113793.87,113905.53,113349.46,113395.6,1401.38,159238355.71
BTC,2025-08-19 17:00:00,113395.6,113606.2,113117.19,113524.31,1698.13,192473575.39
BTC,2025-08-19 18:00:00,113524.31,113524.52,112839.6,113067.5,1560.87,176667921.67
BTC,2025-08-19 19:00:00,113067.5,113544.27,112765.28,113123.03,1615.25,182804904.64
BTC,2025-08-19 20:00:00,113123.03,113575.81,112933.18,113575.81,890.19,100791324.37
BTC,2025-08-19 21:00:00,113575.81,113586.36,113415.08,113424.31,357.95,40632446.48
BTC,2025-08-19 22:00:00,113424.31,113443.79,113071.65,113177.29,528.78,59874971.36
BTC,2025-08-19 23:00:00,113177.29,113201.59,112738.04,112870.67,1002.92,113246838.75
BTC,2025-08-20 00:00:00,112870.67,113330.89,112841.39,113225.33,937.42,106051936.71
BTC,2025-08-20 01:00:00,113225.33,113418.73,112582.8,113013.59,1083.05,122361904.16
BTC,2025-08-20 02:00:00,113013.59,113522.1,112966.22,113463.4,641.41,72656698.14
BTC,2025-08-20 03:00:00,113463.4,113659.76,113347.2,113544.15,509.69,57852670.82
BTC,2025-08-20 04:00:00,113544.15,113714.9,113490.82,113649.17,283.75,32242671.61
BTC,2025-08-20 05:00:00,113649.17,113787.93,113493.59,113733.82,219.79,24977508.22
BTC,2025-08-20 06:00:00,113733.82,113759.29,113523.27,113684.7,299.65,34062449.22
BTC,2025-08-20 07:00:00,113684.7,113862.02,113462.17,113509.02,285.59,32472122.01
BTC,2025-08-20 08:00:00,113509.02,114037.42,113428.38,114018.81,663.18,75486041.66
BTC,2025-08-20 09:00:00,114018.81,114021.41,113645.52,113707.23,502.62,57238012.73
BTC,2025-08-20 10:00:00,113707.23,113880.64,113593.93,113804.13,532.08,60517380.49
BTC,2025-08-20 11:00:00,113804.13,113862.41,113080.98,113678.64,753.35,85446434.73
BTC,2025-08-20 12:00:00,113678.64,113958.04,113537.3,113689.6,907.52,103266795.49
BTC,2025-08-20 13:00:00,113689.6,113690.6,112598.12,112694.73,2136.78,241555807.22
BTC,2025-08-20 14:00:00,112694.73,113871.42,112387.14,113477.2,3082.11,348577721.12
BTC,2025-08-20 15:00:00,113477.2,114339.14,113251.24,113361.29,2272.36,258930314.82
BTC,2025-08-20 16:00:00,113361.29,114326.43,113286.07,113856.69,1504.54,171291967.03
BTC,2025-08-20 17:00:00,113856.69,114466.36,113801.0,114224.76,1211.07,138141529.26
BTC,2025-08-20 18:00:00,114224.76,114301.34,113271.03,113506.86,1574.39,178888831.02
BTC,2025-08-20 19:00:00,113506.86,114353.31,113483.35,114298.48,1175.98,134119269.17
BTC,2025-08-20 20:00:00,114298.48,114402.41,114013.84,114398.37,721.61,82417339.43
BTC,2025-08-20 21:00:00,114398.37,114495.92,114018.07,114379.49,583.66,66710202.21
BTC,2025-08-20 22:00:00,114379.49,114642.26,114228.12,114617.71,648.62,74219949.6
BTC,2025-08-20 23:00:00,114617.71,114640.97,114238.23,114291.37,448.02,51231757.05
BTC,2025-08-21 00:00:00,114291.37,114509.73,114029.55,114309.99,694.53,79345005.11
BTC,2025-08-21 01:00:00,114309.99,114741.92,113971.56,114736.52,812.37,92870327.22
BTC,2025-08-21 02:00:00,114736.52,114816.84,113923.81,114050.32,764.77,87352802.86
BTC,2025-08-21 03:00:00,114050.32,114537.6,113966.29,113968.99,507.04,57925945.48
BTC,2025-08-21 04:00:00,113968.99,114036.83,113804.68,113812.65,338.88,38613295.4
BTC,2025-08-21 05:00:00,113812.65,114013.89,113639.79,113987.79,353.66,40248524.48
BTC,2025-08-21 06:00:00,113987.79,113987.8,113619.03,113811.02,366.48,41683447.34
BTC,2025-08-21 07:00:00,113811.02,113929.72,113583.46,113894.05,388.88,44235895.35
BTC,2025-08-21 08:00:00,113894.05,113987.27,113587.23,113587.24,397.35,45211680.78
BTC,2025-08-21 09:00:00,113587.24,113610.02,113298.57,113379.8,632.97,71809251.41
BTC,2025-08-21 10:00:00,113379.8,113467.97,113225.08,113337.79,467.59,53012274.68
BTC,2025-08-21 11:00:00,113337.79,113540.09,113006.26,113143.92,474.35,53746758.56
BTC,2025-08-21 12:00:00,113143.92,113407.64,112944.14,113090.6,837.17,94737545.06
BTC,2025-08-21 13:00:00,113090.6,113721.96,113044.74,113486.09,1539.86,174584048.08
BTC,2025-08-21 14:00:00,113486.09,113985.45,112918.64,113273.44,1920.23,217919631.58
BTC,2025-08-21 15:00:00,113273.44,113381.42,112603.87,112775.31,1922.24,217075935.47
BTC,2025-08-21 16:00:00,112775.31,112959.41,112308.34,112361.9,1452.7,163681959.02
BTC,2025-08-21 17:00:00,112361.9,112576.67,112166.3,112395.78,1417.92,159262018.58
BTC,2025-08-21 18:00:00,112395.78,112663.74,112207.04,112588.89,884.23,99380254.3
BTC,2025-08-21 19:00:00,112588.89,112717.27,111993.84,112171.02,1223.81,137313757.09
BTC,2025-08-21 20:00:00,112171.02,112839.17,112048.6,112434.57,1093.0,122854116.5
BTC,2025-08-21 21:00:00,112434.57,112724.63,112098.75,112605.64,780.41,87749661.44
BTC,2025-08-21 22:00:00,112605.64,112691.8,112395.91,112488.25,368.81,41508128.25
BTC,2025-08-21 23:00:00,112488.25,112492.58,112249.09,112491.84,308.06,34612990.75
BTC,2025-08-22 00:00:00,112491.84,112828.33,112465.65,112608.74,827.47,93196161.52
BTC,2025-08-22 01:00:00,112608.74,112899.98,112314.09,112820.54,645.09,72677826.48
BTC,2025-08-22 02:00:00,112820.54,113507.64,112766.25,113133.81,966.73,109477881.62
BTC,2025-08-22 03:00:00,113133.81,113430.11,112870.24,112907.39,430.26,48687169.94
BTC,2025-08-22 04:00:00,112907.39,113231.79,112686.31,112814.28,547.52,61873825.66
BTC,2025-08-22 05:00:00,112814.28,113252.06,112814.03,113210.6,350.73,39640747.65
BTC,2025-08-22 06:00:00,113210.6,113363.89,112826.11,112973.29,508.69,57525013.93
BTC,2025-08-22 07:00:00,112973.29,113227.42,112930.0,113070.21,340.95,38562178.27
BTC,2025-08-22 08:00:00,113070.21,113288.89,112922.17,112963.68,424.46,48003878.01
BTC,2025-08-22 09:00:00,112963.68,113103.98,112793.2,113030.08,478.46,54025417.56
BTC,2025-08-22 10:00:00,113030.08,113047.09,112500.83,112519.74,424.97,47887206.35
BTC,2025-08-22 11:00:00,112519.74,112602.65,112166.18,112307.66,371.61,41746246.54
BTC,2025-08-22 12:00:00,112307.66,112685.82,111675.14,112326.01,1801.33,201988456.06
BTC,2025-08-22 13:00:00,112326.01,112510.51,112053.07,112099.02,279.45,31380232.75
